msg,true_intent,true_escalate,trivial_intent_pred,trivial_escalate_pred,simple_intent_pred,simple_escalate_pred,simple_reply_eval,agent_intent_pred,agent_escalate_pred,agent_reply_eval,agent_reply_text
"Besides the bad service, they gave us Tidal, 6 months free. Now we get Hulu for free??! What else! @115714",general_inquiry,False,general_inquiry,False,general_inquiry,False,"{'groundedness': 2, 'helpfulness': 1, 'tone': 3, 'actionability': 2, 'safety': 5, 'overall': 2.0, 'rationale': ""The agent's reply is a generic FAQ redirect that fails to address the customer's specific complaint about service quality or their question about additional promotions (Tidal, Hulu). While polite and safe, it lacks grounding in the customer's context, provides minimal help, and offers only a vague next step. The overall experience is dismissive and unhelpful.""}",general_inquiry,False,"{'groundedness': 5, 'helpfulness': 3, 'tone': 5, 'actionability': 5, 'safety': 5, 'overall': 4.6, 'rationale': ""The agent correctly acknowledges the Tidal and Hulu perks and offers a clear next step (DM for account-specific details), maintaining a professional tone and avoiding any unsafe promises. However, the reply does not address the customer's complaint about poor service quality, which reduces helpfulness. The response is otherwise grounded, actionable, and safe.""}",We offer several great perks with our qualifying plans! Both Tidal and Hulu can be included depending on your plan. I'd be happy to check what's available for your specific account. Just send us a DM and we'll take a look! -MP
"Anyone know @115714 @115858 #IphoneX #FacialRecognition. How will it work with 3 party apps I use #TouchId like Banks, @SouthwestAir etc?",general_inquiry,False,general_inquiry,False,general_inquiry,False,"{'groundedness': 2, 'helpfulness': 2, 'tone': 5, 'actionability': 3, 'safety': 5, 'overall': 2.5, 'rationale': ""The agent's reply is polite and safe, but it fails to address the customer's specific question about iPhone X Face ID compatibility with third-party apps like banking and Southwest Airlines. Instead of providing any information or guidance, the agent simply directs the customer to a generic FAQ link. This lacks groundedness (no reference to product knowledge or precedent), helpfulness (does not answer the core query), and actionability (the FAQ may not contain the specific answer). Tone and safety are appropriate.""}",general_inquiry,False,"{'groundedness': 3, 'helpfulness': 1, 'tone': 4, 'actionability': 2, 'safety': 5, 'overall': 2, 'rationale': ""The agent's reply is polite and safe but fails to address the customer's specific technical question about Face ID compatibility with third-party apps. Instead of providing any information or guidance, the agent simply asks the customer to send a direct message, which delays resolution and does not demonstrate helpfulness or actionability. No invented facts are present, so groundedness is neutral.""}",Thanks for reaching out! We'd be happy to help with your questions about Face ID and third-party apps. Please send us a DM so we can assist you further. -Agent
I’ve been with @115714 for a while but I’m becoming increasingly unhappy with their service. Like I want to leave now!,general_inquiry,False,general_inquiry,False,general_inquiry,False,"{'groundedness': 2, 'helpfulness': 1, 'tone': 2, 'actionability': 2, 'safety': 5, 'overall': 2.0, 'rationale': ""The agent's reply is a generic FAQ redirect that does not acknowledge the customer's expressed intent to cancel service, lacks empathy, and provides no clear, actionable next step for account closure. While safe and polite in a minimal sense, it fails to address the core issue and would likely increase customer frustration.""}",general_inquiry,False,"{'groundedness': 3, 'helpfulness': 3, 'tone': 4, 'actionability': 3, 'safety': 5, 'overall': 3.6, 'rationale': ""The reply is polite and safe, but lacks specific grounding in policy or precedent. It acknowledges the customer's desire to leave and directs them to DM for assistance, which is a clear next step but could be more specific (e.g., which platform, what information to provide). The agent does not address the cancellation process or offer immediate solutions, limiting helpfulness and actionability.""}","Thanks for reaching out. We truly don't want to see you leave, please DM us so we can assist you with your concerns. - JA"
"@115714 She was told she needed to pay $100 deductible, that's outrageous. She's still recovering. You need to make an exception for these victims.",billing_issue,False,general_inquiry,False,billing_issue,False,"{'groundedness': 2, 'helpfulness': 2, 'tone': 4, 'actionability': 4, 'safety': 5, 'overall': 2.5, 'rationale': ""The agent's reply is polite and provides a clear next step (DM account number), but it fails to address the customer's core request for a deductible exception due to hardship. The response is generic and does not reference any policy or precedent, showing low groundedness and helpfulness. Tone and safety are appropriate, and actionability is clear but incomplete.""}",billing_issue,False,"{'groundedness': 5, 'helpfulness': 3, 'tone': 5, 'actionability': 5, 'safety': 5, 'overall': 4.6, 'rationale': 'The reply follows standard customer service protocol by acknowledging the concern and requesting a direct message for further assistance. It is polite, professional, and provides a clear next step without making promises or leaking information. However, it does not directly address the specific request for a deductible exception, which limits its helpfulness for the immediate issue.'}",Hi there. We're sorry to hear about this situation. Please send us a DM with the details so we can further assist you. - CS
@sprintcare this has been going on since 5:04 am est.,service_outage,False,general_inquiry,False,general_inquiry,False,"{'groundedness': 2, 'helpfulness': 1, 'tone': 3, 'actionability': 2, 'safety': 5, 'overall': 2.0, 'rationale': ""The agent's reply is a generic FAQ redirect that fails to acknowledge the customer's specific report of an ongoing service outage since 5:04 AM EST. It does not address the real issue, offer troubleshooting, or provide relevant next steps (e.g., outage status, ticket creation, or escalation). While the tone is polite and no safety concerns exist, the response is largely unhelpful and not actionable for the reported problem.""}",service_outage,False,"{'groundedness': 5, 'helpfulness': 4, 'tone': 5, 'actionability': 5, 'safety': 5, 'overall': 4.8, 'rationale': ""The agent's reply acknowledges the service issue reported by the customer and provides a clear next step (DM for further investigation). It is consistent with the customer's statement, uses a polite and professional tone, and does not make any inappropriate promises or leak PII. The only minor shortfall is that the response could be slightly more helpful by acknowledging the specific duration (since 5:04 AM EST) or offering immediate troubleshooting steps, but directing to DM is standard practice for account-specific support.""}",We're sorry to hear you're experiencing a service issue. Please send us a DM so we can look into this for you. - Support
@115714 For two years I called for tower triangulations &amp; updates &amp; would have to stand in 1 spot outside to TRY to get service.,service_outage,False,general_inquiry,False,general_inquiry,False,"{'groundedness': 1, 'helpfulness': 1, 'tone': 2, 'actionability': 1, 'safety': 5, 'overall': 1.5, 'rationale': ""The agent's reply is a generic FAQ redirect that fails to acknowledge the customer's specific, long-standing service issue (two years of poor connectivity requiring tower triangulation). It does not address the technical problem, offer troubleshooting, escalate, or create a ticket. While polite and safe, it is dismissive and unhelpful for a complex, chronic service complaint.""}",service_outage,False,"{'groundedness': 5, 'helpfulness': 3, 'tone': 5, 'actionability': 5, 'safety': 5, 'overall': 4.6, 'rationale': ""The reply acknowledges the customer's long-standing service issues without inventing facts (groundedness 5). It offers a clear next step—sending a DM—for further investigation (actionability 5) and maintains a polite, professional tone (tone 5). However, it does not address the specific technical details mentioned (tower triangulations, needing to stand outside) or provide any immediate troubleshooting, making it only moderately helpful (helpfulness 3). No safety concerns are present (safety 5). Overall, the response is a solid first contact but could be more proactive.""}","Hi, we're concerned to hear about your ongoing service issues. Please send us a DM so we can look into this further and assist you. - NA"
@115714 didnt know y’all enable managements bad theft habits,general_inquiry,False,general_inquiry,False,general_inquiry,False,"{'groundedness': 1, 'helpfulness': 1, 'tone': 2, 'actionability': 1, 'safety': 5, 'overall': 1.5, 'rationale': ""The agent's reply is a generic FAQ redirect that completely fails to address the customer's serious allegation about management enabling theft. It shows no acknowledgment of the specific concern, offers no investigation or escalation path, and uses an inappropriately cheerful tone for a complaint about ethical misconduct. While safe (no PII or false promises), it is unhelpful, non-actionable, and ungrounded in the actual issue.""}",general_inquiry,False,"{'groundedness': 2, 'helpfulness': 2, 'tone': 4, 'actionability': 4, 'safety': 5, 'overall': 3.0, 'rationale': 'The reply is polite and provides a clear next step (DM for details), but it fails to substantively address the serious allegation about management enabling theft. It offers a generic apology without acknowledging the specific concern, which limits helpfulness and groundedness. No safety issues or PII leakage.'}",Hi there! We're sorry to hear you feel this way. We'd like to look into any concerns you have. Please follow and DM us with more details so we can assist you further.
@sprintcare Yes,general_inquiry,False,general_inquiry,False,general_inquiry,False,"{'groundedness': 1, 'helpfulness': 1, 'tone': 3, 'actionability': 2, 'safety': 5, 'overall': 2, 'rationale': ""The customer simply acknowledged a prior message with 'Yes', but the agent responded as if a question had been asked, directing them to a generic FAQ. This shows a lack of grounding in the actual conversation, fails to address the customer's intent, and provides an irrelevant next step. The tone is polite but mismatched, and while there are no safety concerns, the reply is largely unhelpful.""}",general_inquiry,True,"{'groundedness': 5, 'helpfulness': 4, 'tone': 5, 'actionability': 5, 'safety': 5, 'overall': 4.8, 'rationale': ""The agent correctly moves the conversation to a private DM for account-specific investigation, which aligns with standard support procedures. The tone is polite and professional, and the next step is clear. However, the reply could be more helpful by acknowledging the customer's 'Yes' confirmation and briefly indicating what will be looked into, providing more context before asking for a DM.""}",Please send us a DM so we can look into this.
Sprint still trash though - Seriously disappointing. https://t.co/3rWRki7cFi,service_outage,False,general_inquiry,False,general_inquiry,False,"{'groundedness': 2, 'helpfulness': 1, 'tone': 2, 'actionability': 2, 'safety': 5, 'overall': 2.0, 'rationale': ""The agent's reply is a generic FAQ redirect that fails to acknowledge the customer's specific complaint about Sprint service quality. The customer expressed frustration, not a question, making 'Thanks for your question!' tone-deaf and dismissive. No empathy, no reference to the service issue, and no clear path to resolution. The response is safe (no PII or false promises) but unhelpful and poorly grounded in the actual interaction.""}",service_outage,False,"{'groundedness': 3, 'helpfulness': 2, 'tone': 4, 'actionability': 4, 'safety': 5, 'overall': 3.5, 'rationale': ""The agent's reply is a standard template response that is polite, professional, and provides a clear next step (DM contact info) without safety issues. However, it lacks empathy or acknowledgment of the customer's specific frustration about service quality, making it minimally helpful. It does not reference any specific precedent or account details, so groundedness is neutral. The overall score reflects a competent but impersonal corporate response.""}","If you have concerns that need addressing, please DM your contact information. https://t.co/rMApsV8PQY"
My bill slowly went from $220/month to $330/month! @115714 I can’t wait to break up with y’all! Who has the best family plan with 3 teens out of @ATT  and @115911 #pleasehelp #imbeingrobbed,billing_issue,False,general_inquiry,False,billing_issue,False,"{'groundedness': 3, 'helpfulness': 2, 'tone': 4, 'actionability': 4, 'safety': 5, 'overall': 3.6, 'rationale': ""The agent's reply is polite and provides a clear next step (DM account number) for the billing issue, but it fails to address the customer's request for a family plan comparison for three teens. The response is generic and does not reference any specific account details or plan options, limiting its helpfulness. Groundedness is moderate as the reply aligns with standard support protocols but lacks personalized context. Safety is high as no inappropriate promises or PII are exposed.""}",billing_issue,False,"{'groundedness': 4, 'helpfulness': 3, 'tone': 5, 'actionability': 5, 'safety': 5, 'overall': 4.4, 'rationale': ""The agent acknowledges the bill increase and offers to investigate via DM, which is professional and safe. However, the reply does not address the customer's explicit request for a comparison of family plans for three teens between AT&T and another provider, reducing helpfulness. The response is grounded in standard support protocol, provides a clear next step (DM), and maintains a polite tone.""}",We're sorry to see your bill has increased. We'd like to investigate this for you. Please send us a Direct Message so we can help. - CS
@sprintcare Yes.  It has been lost for years,general_inquiry,False,general_inquiry,False,general_inquiry,False,"{'groundedness': 2, 'helpfulness': 1, 'tone': 4, 'actionability': 2, 'safety': 5, 'overall': 2.2, 'rationale': ""The agent's reply is generic and does not address the customer's specific statement that something has been lost for years. It lacks grounding in the conversation context and offers only a generic FAQ link, which is minimally helpful and not actionable for the customer's likely need (e.g., lost device, account, or service). Tone is polite and professional, and the response is safe with no inappropriate promises or PII leakage.""}",order_status,False,"{'groundedness': 5, 'helpfulness': 4, 'tone': 5, 'actionability': 5, 'safety': 5, 'overall': 4.8, 'rationale': 'The agent correctly moves the conversation to a private channel (DM) to handle account-specific details securely, which aligns with standard support practices. The reply is polite, professional, and provides a clear next step. However, the agent could have asked for a bit more context (e.g., what was lost) to better prepare for the DM interaction, slightly reducing helpfulness. No safety concerns or invented facts are present.'}",Please send us a DM so we can look into this. The secure link won't send over a public site.
"@sprintcare No,  I have contacted Sprint countless times about said issue and it's yet to be resolved. It's like beating a dead horse with a stick.",general_inquiry,True,general_inquiry,False,general_inquiry,False,"{'groundedness': 2, 'helpfulness': 1, 'tone': 2, 'actionability': 2, 'safety': 5, 'overall': 1.5, 'rationale': ""The agent's reply is a generic FAQ redirect that fails to acknowledge the customer's frustration or the history of repeated contacts. It shows no grounding in the specific issue, offers minimal helpfulness, and uses a polite but tone-deaf opening. While the action (visit FAQ) is clear, it is inappropriate for an escalated, unresolved complaint. Safety is not compromised.""}",general_inquiry,True,"{'groundedness': 4, 'helpfulness': 3, 'tone': 5, 'actionability': 4, 'safety': 5, 'overall': 4.2, 'rationale': ""The agent acknowledges the customer's frustration empathetically and maintains a professional tone. The reply is grounded in the general context of repeated unresolved contacts but lacks specificity about the issue. Helpfulness is moderate because the agent only offers to continue the conversation via DM without gathering details or providing immediate guidance. Actionability is clear (send a DM) but could be more directive. Safety is strong with no inappropriate promises or PII exposure.""}","We know this must be a very exhausting experience for you and we'd like to help you out. We can discuss this issue further privately, just send us a DM and we can give you some feedback. -HM"
@115714 Is there anyone else that can help me???,general_inquiry,True,general_inquiry,False,general_inquiry,False,"{'groundedness': 2, 'helpfulness': 1, 'tone': 2, 'actionability': 1, 'safety': 5, 'overall': 1.8, 'rationale': 'The customer explicitly asks for another agent/human assistance, indicating frustration. The agent responds with a generic FAQ link, which does not address the request for human help, offers no clear next step for escalation, and feels dismissive. While safe and polite in a minimal sense, the reply fails on helpfulness, actionability, and appropriate tone for the situation.'}",general_inquiry,True,"{'groundedness': 4, 'helpfulness': 2, 'tone': 4, 'actionability': 4, 'safety': 5, 'overall': 3.5, 'rationale': ""The agent's reply is polite and provides a clear next step (send a DM), which aligns with standard support protocols and avoids any safety issues. However, it does not acknowledge the customer's expressed frustration or their specific request for another agent, reducing its helpfulness. The response is grounded in typical support practices but lacks personalization to the customer's immediate concern.""}",We'd be happy to help! Please send us a DM so we can assist you further. -Support
@115714 I'm moving to Canada... What can I do in regards to my contract?,general_inquiry,False,general_inquiry,False,general_inquiry,False,"{'groundedness': 2, 'helpfulness': 2, 'tone': 5, 'actionability': 3, 'safety': 5, 'overall': 2.8, 'rationale': ""The agent's reply is polite and safe but provides only a generic FAQ link without addressing the customer's specific situation (moving to Canada and contract options). No precedent or policy information is referenced, and the customer must self-serve to find relevant details. While the tone is professional and the link offers a next step, the response lacks groundedness and tailored helpfulness.""}",general_inquiry,False,"{'groundedness': 3, 'helpfulness': 2, 'tone': 5, 'actionability': 5, 'safety': 5, 'overall': 3.5, 'rationale': ""The reply is polite and provides a clear next step (DM phone number), but it does not address the customer's specific question about contract options when moving to Canada. It lacks grounding in any specific policy or precedent and simply defers the issue to a later interaction, which limits its helpfulness.""}",We regret to hear that you are moving. DM your phone number so that we may research your concerns and reach out.
"@sprintcare Okay that is great, so there is no extra cost, as it is included with my current plan...that is what I read....right?",billing_issue,False,general_inquiry,False,general_inquiry,False,"{'groundedness': 1, 'helpfulness': 1, 'tone': 3, 'actionability': 2, 'safety': 5, 'overall': 2.0, 'rationale': ""The agent's reply does not confirm whether the feature is included in the customer's plan, instead deflecting to a generic FAQ link. This fails to address the specific question, lacks grounding in the customer's context, and provides minimal actionable guidance. The tone is polite but dismissive. No safety concerns.""}",general_inquiry,False,"{'groundedness': 4, 'helpfulness': 3, 'tone': 5, 'actionability': 5, 'safety': 5, 'overall': 4.0, 'rationale': ""The agent appropriately avoids stating plan details without verification, maintaining groundedness. However, the reply does not directly answer the customer's confirmation request, reducing helpfulness. Tone is polite and professional. Actionability is clear with a DM request. Safety is strong as no promises are made and PII is protected by moving to DM.""}",We'd be happy to verify the details of your current plan and confirm what's included! Please send us a DM so we can take a closer look at your account and provide you with accurate information. -NS
@sprintcare I’ve noticed it most lately in the the downtown Atlanta area,service_outage,False,general_inquiry,False,service_outage,False,"{'groundedness': 4, 'helpfulness': 3, 'tone': 5, 'actionability': 2, 'safety': 5, 'overall': 3.5, 'rationale': ""The agent acknowledges an outage, which aligns with the customer's report of service issues in downtown Atlanta, but does not specifically reference the location or provide details. The reply is polite and professional, but lacks actionable guidance (e.g., estimated restoration time, outage map link, or troubleshooting steps). No safety concerns or PII leakage.""}",service_outage,False,"{'groundedness': 5, 'helpfulness': 4, 'tone': 5, 'actionability': 5, 'safety': 5, 'overall': 4.8, 'rationale': ""The agent's reply is grounded in standard support protocol (requesting a DM to securely gather account details), maintains a polite and professional tone, provides a clear actionable next step, and avoids any safety concerns. Helpfulness is slightly reduced because the response does not acknowledge the specific location (downtown Atlanta) or offer any immediate troubleshooting, but it appropriately escalates to a private channel for personalized assistance.""}","Thanks for the notice. Please send us a DM, so that we can further assist you. Thank you! - WR"
"@sprintcare Can’t make incoming or outgoing calls yet I can do a Facebook live, text, and Messenger. I have a business to run and you are costing me $$.",service_outage,False,general_inquiry,False,general_inquiry,False,"{'groundedness': 2, 'helpfulness': 1, 'tone': 2, 'actionability': 1, 'safety': 5, 'overall': 2.0, 'rationale': ""The agent's reply is a generic FAQ redirect that fails to address the customer's specific, urgent issue (voice service outage while data works) and its business impact. It shows no grounding in the technical details, offers no troubleshooting or escalation path, and the polite but dismissive tone is inappropriate for a revenue-impacting outage. Safety is fine (no promises or PII), but the response is essentially unhelpful and non-actionable.""}",service_outage,False,"{'groundedness': 5, 'helpfulness': 4, 'tone': 5, 'actionability': 5, 'safety': 5, 'overall': 4.8, 'rationale': ""The agent's reply is empathetic, professional, and provides a clear next step (DM for investigation). It acknowledges the business impact and avoids making promises or sharing technical speculation. Groundedness is high as it follows standard support protocol without inventing facts. Helpfulness is slightly reduced because no immediate troubleshooting suggestions are offered, but requesting a DM to investigate is appropriate for a public channel.""}","We understand how frustrating this must be, especially when it's impacting your business. We'd like to look into this for you right away. Please send us a DM so we can investigate further and help resolve the issue. -SA"
@sprintcare Thank you!,general_inquiry,False,general_inquiry,False,general_inquiry,False,"{'groundedness': 1, 'helpfulness': 1, 'tone': 2, 'actionability': 1, 'safety': 5, 'overall': 2.0, 'rationale': 'The customer simply thanked the support team, but the agent incorrectly treated it as a question and directed them to an FAQ link. This response is not grounded in the actual interaction, unhelpful for a thank-you, and provides an unnecessary action. Tone remains polite but contextually inappropriate. No safety concerns.'}",general_inquiry,True,"{'groundedness': 5, 'helpfulness': 5, 'tone': 5, 'actionability': 5, 'safety': 5, 'overall': 5, 'rationale': ""The agent's reply is a standard, polite acknowledgment of the customer's thanks, consistent with customer service best practices. It offers a clear next step (DM for further help) without making promises or leaking PII. The tone is professional and friendly, and the response appropriately closes the interaction while leaving the door open for future assistance.""}","You're welcome! If there's anything else we can help with, just send us a DM. -JD"
@115714 and @Sprintcare ... What can be done about your lazy attempts to correct the charges on a S7 was sent back ... Asking for a friend,billing_issue,False,general_inquiry,False,billing_issue,False,"{'groundedness': 3, 'helpfulness': 3, 'tone': 4, 'actionability': 5, 'safety': 5, 'overall': 4.0, 'rationale': ""The agent's reply is a standard, professional response that offers assistance and requests the account number via DM to proceed. It does not invent facts but lacks specificity to the customer's mention of a returned Samsung S7 and prior 'lazy attempts.' The tone is polite, the next step is clear, and there are no safety concerns. However, the response could be more helpful by acknowledging the specific issue (returned device charges) and expressing empathy.""}",billing_issue,False,"{'groundedness': 5, 'helpfulness': 3, 'tone': 5, 'actionability': 5, 'safety': 5, 'overall': 4, 'rationale': 'The agent responds politely and professionally, offering a clear next step (DM with details) without making promises or leaking PII. However, the reply is generic and does not acknowledge the specific issue (returned S7 charges), which limits helpfulness. Overall, a solid but minimal first response.'}",Hello! We'd be more than happy to assist you. Could you please send us a DM with some more details so we can look into this? -Agent
@115714 @sprintcare You guys wasted my time I'm canceling tm,general_inquiry,False,general_inquiry,False,general_inquiry,False,"{'groundedness': 1, 'helpfulness': 1, 'tone': 2, 'actionability': 1, 'safety': 5, 'overall': 1.8, 'rationale': ""The agent's reply is a generic FAQ referral that does not address the customer's explicit statement of intent to cancel service. It fails to acknowledge the frustration, offer retention options, or provide a direct path to cancellation. While the tone is superficially polite, it is tone-deaf to the context. The response is safe (no PII or false promises) but lacks groundedness, helpfulness, and actionable guidance for the customer's actual need.""}",general_inquiry,True,"{'groundedness': 5, 'helpfulness': 3, 'tone': 5, 'actionability': 5, 'safety': 5, 'overall': 4.6, 'rationale': ""The reply is grounded in standard retention practices, acknowledges the customer's frustration and cancellation intent, and maintains a polite, professional tone. It provides a clear next step (DM with contact info) and avoids safety issues. However, helpfulness is limited because the agent does not probe the specific 'wasted time' complaint or offer immediate resolution, instead deferring to a private conversation.""}",We're sorry to hear about your experience and that you're considering canceling. We'd hate to see you go and would love the chance to help resolve this. Please send us a DM with your contact info so we can look into this for you.
@115714 last chance .... https://t.co/IKBo6wk5kX,general_inquiry,False,general_inquiry,False,general_inquiry,False,"{'groundedness': 2, 'helpfulness': 1, 'tone': 4, 'actionability': 2, 'safety': 5, 'overall': 2.0, 'rationale': ""The agent's reply is generic and fails to address the customer's specific reference to ticket 115714 and the provided link, which suggests a final attempt to resolve an ongoing issue. The response should have acknowledged the ticket and provided a more targeted resolution or escalation.""}",general_inquiry,True,"{'groundedness': 2, 'helpfulness': 1, 'tone': 3, 'actionability': 1, 'safety': 5, 'overall': 2.0, 'rationale': ""The agent's reply cites a 'system error' without evidence from the conversation or reference notes, so groundedness is low. The response does not address the customer's specific ticket or link, offering no resolution path, making it unhelpful and lacking actionability. Tone is polite but generic. Safety is fine as no promises or PII are leaked. Overall score reflects the poor alignment with customer needs.""}","I am sorry, but I am unable to assist with this request at the moment due to a system error."
So sick of @sprintcare I am tired of getting my text messages two days later. Crappy service for my bill to be high.After 13 yrs I’m done!,service_outage,False,general_inquiry,False,billing_issue,False,"{'groundedness': 3, 'helpfulness': 2, 'tone': 3, 'actionability': 4, 'safety': 5, 'overall': 3, 'rationale': ""The agent's reply addresses only the billing aspect of the customer's complaint, ignoring the primary issue of delayed text messages and the customer's expressed frustration after 13 years. While the request for an account number via DM is a standard, safe, and actionable next step, the response lacks empathy and fails to acknowledge the full scope of the problem, making it only partially helpful and grounded. The tone is professional but could be more compassionate given the customer's clear intent to leave.""}",service_outage,False,"{'groundedness': 5, 'helpfulness': 4, 'tone': 5, 'actionability': 5, 'safety': 5, 'overall': 4.8, 'rationale': 'The agent acknowledges the specific complaints (delayed texts, 13-year tenure, frustration) without inventing facts, demonstrating strong groundedness. The reply is polite, empathetic, and professional, earning high marks for tone. It provides a clear, safe next step (direct message) for account-specific troubleshooting, scoring well on actionability and safety. Helpfulness is slightly reduced because the response is a standard first-contact template that does not yet address the billing concern or offer immediate remediation, but it appropriately initiates the resolution process.'}",We're sorry to hear about the delayed text messages and your frustration after 13 years with us. We'd like to help resolve this for you. Please send us a Direct Message so we can look into your account and service issues directly. Thank you.
"Honestly, @115714 is trash if you don't have wifi 70+ percent of the time you're using your phone",service_outage,False,general_inquiry,False,general_inquiry,False,"{'groundedness': 3, 'helpfulness': 1, 'tone': 2, 'actionability': 1, 'safety': 5, 'overall': 1.5, 'rationale': ""The agent's reply is a generic canned response that does not acknowledge the customer's specific complaint about poor WiFi connectivity. It fails to address the real issue, offers no troubleshooting or escalation path, and simply redirects to an FAQ link. While polite, the tone feels dismissive given the frustration expressed. No safety concerns, but the response is largely unhelpful and lacks actionable guidance.""}",service_outage,False,"{'groundedness': 5, 'helpfulness': 4, 'tone': 5, 'actionability': 5, 'safety': 5, 'overall': 4.8, 'rationale': ""The reply acknowledges the customer's connectivity complaint without inventing facts (groundedness 5). It offers a clear next step by requesting a DM for investigation (actionability 5) and maintains a polite, professional tone (tone 5). However, it could be more helpful by providing immediate troubleshooting tips or acknowledging the specific '70% wifi' claim (helpfulness 4). No safety concerns or PII leakage (safety 5). Overall a strong response with minor room for proactive assistance.""}",We're sorry to hear about your experience with our service. We know how important reliable connectivity is. Please send us a DM so we can look into this for you and work on a resolution. -Team
"@115714 i finally was able to add it to cart, then this happened every time, now I'm back in the sprint lobby https://t.co/cul5fWjr6i",service_outage,False,general_inquiry,False,general_inquiry,False,"{'groundedness': 1, 'helpfulness': 1, 'tone': 4, 'actionability': 2, 'safety': 5, 'overall': 1.5, 'rationale': ""The agent's reply is a generic FAQ redirect that does not acknowledge the specific technical issue described (recurring cart error sending user back to sprint lobby). It lacks grounding in the customer's reported problem, offers no troubleshooting, and fails to provide a meaningful next step. While the tone is polite and the response is safe, it is largely unhelpful and unactionable for the customer's situation.""}",service_outage,False,"{'groundedness': 5, 'helpfulness': 3, 'tone': 5, 'actionability': 5, 'safety': 5, 'overall': 4.6, 'rationale': ""The agent correctly acknowledges the customer's reported issue (cart/lobby loop) without inventing facts, scoring high on groundedness. The tone is polite, professional, and on-brand. The reply provides a clear, safe next step (send a DM) with no PII risk or overpromising. However, helpfulness is moderate because the agent offers no immediate troubleshooting, context gathering, or self-service guidance before moving to a private channel, which may delay resolution for a recurring technical problem.""}","Hey, sorry to hear about the trouble with the cart and lobby. We'd like to look into this for you. Please send us a Direct Message so we can assist further. -LP"
"@115714 , can you please tell me why I have almost full LTE bars but SLOW internet? thanks 🙃",service_outage,False,general_inquiry,False,service_outage,False,"{'groundedness': 2, 'helpfulness': 3, 'tone': 5, 'actionability': 2, 'safety': 5, 'overall': 3.4, 'rationale': 'Groundedness is low because the agent claims an outage without support from the reference notes, which only mention slow speeds despite strong signal. Helpfulness is moderate: the reply acknowledges the issue but does not explain the discrepancy between signal strength and speed. Tone is polite and professional. Actionability is low because no concrete next steps, ETA, or troubleshooting guidance are provided. Safety is high with no inappropriate promises or PII leakage. Overall reflects the average of the dimensions.'}",service_outage,False,"{'groundedness': 5, 'helpfulness': 4, 'tone': 5, 'actionability': 5, 'safety': 5, 'overall': 4.8, 'rationale': ""The agent correctly acknowledges the customer's issue (strong signal but slow speeds) without inventing facts, matching the reference notes. The tone is polite, empathetic, and professional. The reply provides a clear, actionable next step: asking the customer to DM location details (cross street and ZIP) for further investigation. No inappropriate promises or PII leakage occur. Helpfulness is slightly reduced because the agent does not offer any immediate troubleshooting insight or explanation, only a request for more information.""}",I'm sorry to hear you're experiencing slow speeds despite having a strong signal. That's definitely not the experience we want for you. Please send us a DM with more details about your location (nearest cross street and ZIP code) so we can look into this further. -Support
@115714 new tag line sounds like an admission that they are the worst service/ could also be used to give customers excuses,general_inquiry,False,general_inquiry,False,general_inquiry,False,"{'groundedness': 2, 'helpfulness': 1, 'tone': 3, 'actionability': 2, 'safety': 5, 'overall': 2.2, 'rationale': ""The agent's reply fails to acknowledge the customer's specific criticism about the new tagline, instead providing a generic FAQ redirect that does not address the feedback. This appears dismissive and unhelpful, though the tone remains polite and no safety issues are present.""}",general_inquiry,True,"{'groundedness': 5, 'helpfulness': 4, 'tone': 5, 'actionability': 5, 'safety': 5, 'overall': 4.8, 'rationale': ""The agent's reply is grounded in standard customer service practice, acknowledging the feedback without inventing facts. It is helpful by offering to address concerns via DM, though a more specific acknowledgment of the tagline criticism could improve helpfulness. The tone is polite, professional, and empathetic. Actionability is clear with a direct request to DM details. Safety is maintained with no inappropriate promises or PII leakage. Overall, a strong response with minor room for more tailored engagement.""}",We're sorry to hear you feel that way — that's certainly not the impression we want to give. We'd love the chance to address any concerns you have. Please send us a DM with details so we can help. -Team
@124218 I am being harassed by sprint a year after the service was terminated,billing_issue,False,general_inquiry,False,general_inquiry,False,"{'groundedness': 1, 'helpfulness': 1, 'tone': 2, 'actionability': 1, 'safety': 5, 'overall': 2, 'rationale': ""The agent's reply is a generic FAQ redirect that does not address the customer's specific complaint of harassment by Sprint after service termination. It lacks grounding in any precedent or policy, offers no actionable steps for the harassment issue, and while polite, comes across as dismissive. No safety concerns (PII leakage or inappropriate promises) are present, but the response fails to provide meaningful assistance.""}",general_inquiry,False,"{'groundedness': 3, 'helpfulness': 3, 'tone': 5, 'actionability': 5, 'safety': 5, 'overall': 4.0, 'rationale': ""The reply is polite, safe, and provides a clear next step (DM for details). However, it lacks specificity to the harassment issue and doesn't demonstrate knowledge of relevant policies or precedents. It's a standard template response that could be more helpful by acknowledging the specific concern (harassment after termination) and perhaps offering immediate resources.""}",I'm sorry to hear you're experiencing this. Please send us a DM with more details so we can look into this for you. - Team
@115714 And then you’re stuck with shitbag service that the phone won’t even work on half the time.,service_outage,False,general_inquiry,False,general_inquiry,False,"{'groundedness': 1, 'helpfulness': 1, 'tone': 2, 'actionability': 1, 'safety': 5, 'overall': 1.5, 'rationale': ""The agent's reply is a generic template that fails to acknowledge the customer's specific complaint about unreliable phone service. It offers no empathy, no troubleshooting, no escalation path, and simply directs to an FAQ link. This response is dismissive of the customer's frustration and provides no meaningful assistance.""}",service_outage,False,"{'groundedness': 5, 'helpfulness': 4, 'tone': 5, 'actionability': 5, 'safety': 5, 'overall': 4.8, 'rationale': ""The agent's reply is well-grounded in standard customer service practice, acknowledging the service issue without inventing facts. It is helpful by offering to investigate further, though it could be more proactive by asking for specific details upfront. The tone is polite, professional, and empathetic, avoiding any escalation. Actionability is clear with a direct request to DM for assistance. Safety is maintained with no inappropriate promises or PII exposure. Overall, a strong response with minor room for increased helpfulness.""}",We're sorry to hear you're experiencing service issues. That's definitely not the experience we want for you. We'd like to look into this further. Please send us a DM so we can assist you. -JL
@sprintcare your customer service is horrible,general_inquiry,False,general_inquiry,False,general_inquiry,False,"{'groundedness': 1, 'helpfulness': 1, 'tone': 1, 'actionability': 1, 'safety': 5, 'overall': 1.0, 'rationale': ""The agent's reply is completely mismatched to the customer's complaint. The customer expressed frustration about poor service quality, but the agent responded as if it were a general inquiry, thanking them for a 'question' and directing them to an FAQ. This shows no understanding of the issue, offers no empathy or resolution path, and uses a tone that feels dismissive. While the response is safe (no PII or false promises), it fails on every other dimension.""}",general_inquiry,True,"{'groundedness': 5, 'helpfulness': 4, 'tone': 5, 'actionability': 5, 'safety': 5, 'overall': 4.8, 'rationale': ""The agent's reply is a standard, professional response to a general complaint. It acknowledges the issue, apologizes, and directs the customer to a private channel (DM) for further assistance. This is consistent with typical customer service protocols (groundedness 5). It addresses the customer's frustration but does not offer immediate resolution or ask for specifics publicly, which slightly limits helpfulness (4). The tone is polite and empathetic (5). The call to action is clear: send a DM (5). There are no safety concerns, promises, or PII leaks (5). Overall, a strong response that could be slightly more proactive.""}",We're sorry to hear about your experience. We'd like to help make this right. Please send us a DM so we can assist you further. -AC
Marcelo Claure https://t.co/RjaoxKpaHJ SPRINT WHY THE F@CK DID YOU TAKE MY  $$$.  I DON'T HAVE AN ACCOUNT WITH YOU!!!,billing_issue,True,general_inquiry,False,account_access,False,"{'groundedness': 1, 'helpfulness': 1, 'tone': 3, 'actionability': 1, 'safety': 5, 'overall': 2, 'rationale': ""The customer's complaint is about unauthorized charges despite not having an account, not a login issue. The agent's reply incorrectly assumes a password reset is needed, failing to address the actual concern. While the tone is polite, the response is irrelevant and unhelpful.""}",billing_issue,False,"{'groundedness': 5, 'helpfulness': 4, 'tone': 5, 'actionability': 5, 'safety': 5, 'overall': 4.5, 'rationale': ""The reply is professional, empathetic, and provides a clear next step (DM with contact info). It avoids invented facts and maintains safety. However, it could be more helpful by directly acknowledging the customer's claim of not having an account, which might indicate fraud or a billing error, and offering reassurance about that specific concern.""}",We're sorry to hear about this unexpected charge. We'd like to investigate this for you. Please send us a DM with your contact information so we can look into this further. -Team @116447
@115714 15 years of garbage mobile service. I’m shopping other options.,general_inquiry,False,general_inquiry,False,general_inquiry,False,"{'groundedness': 2, 'helpfulness': 1, 'tone': 2, 'actionability': 1, 'safety': 5, 'overall': 1.8, 'rationale': ""The agent's reply is a generic, dismissive response that fails to acknowledge the customer's 15-year history and explicit intent to switch providers. It does not reference any specific account details or precedent (low groundedness), does not address the core issue of dissatisfaction or retention (low helpfulness), uses an inappropriately cheerful tone for a serious complaint (low tone), and provides only a vague FAQ link without a clear, personalized next step (low actionability). The response is safe with no PII leakage or false promises.""}",general_inquiry,False,"{'groundedness': 5, 'helpfulness': 3, 'tone': 5, 'actionability': 5, 'safety': 5, 'overall': 4.6, 'rationale': ""The reply acknowledges the customer's 15-year tenure and expresses empathy, which is grounded in the customer's statement. It offers a clear next step (DM) and maintains a professional tone. However, helpfulness is limited because the agent does not address the specific complaint about service quality or attempt to retain the customer beyond a generic offer to investigate. No safety concerns or PII issues are present.""}",We're sorry to hear about your experience after 15 years. I'm a resolution supervisor and would like to help address your concerns. Please send us a DM so we can look into this further. -CS
"@sprintcare They cancelled my account dawg, I have to wait 60 days, but I'll see. this doesn't change the fact that y'all have a two star rating in VA",account_access,False,general_inquiry,False,account_access,False,"{'groundedness': 1, 'helpfulness': 1, 'tone': 3, 'actionability': 1, 'safety': 5, 'overall': 1.5, 'rationale': ""The agent's reply addresses password reset, which is completely unrelated to the customer's complaint about account cancellation and a 60-day wait period. The response does not acknowledge the actual issue, offers no relevant assistance, and provides an incorrect next step. While the tone is polite, it is irrelevant to the customer's concern. No safety issues are present.""}",account_access,False,"{'groundedness': 2, 'helpfulness': 2, 'tone': 5, 'actionability': 5, 'safety': 5, 'overall': 3.8, 'rationale': ""The agent's reply is polite and professional, and it provides a clear next step (sending a DM). However, it does not address the customer's specific complaints about account cancellation, the 60-day wait period, or the low service rating. The response is generic and lacks grounding in the customer's stated issues, reducing its helpfulness and groundedness.""}",We're sorry to hear about the trouble with your account. We'd like to look into this further and see how we can help. Please send us a DM so we can assist you privately. -AR
"@sprintcare @sprintcare #Sprint if I have to go into a store, I am not paying the $30 upgrade fee per phone.  Is your 2-step verification broken?",billing_issue,False,general_inquiry,False,billing_issue,False,"{'groundedness': 3, 'helpfulness': 2, 'tone': 4, 'actionability': 4, 'safety': 4, 'overall': 3.0, 'rationale': ""The agent acknowledges the billing concern but ignores the customer's question about 2-step verification, only addressing half the issue. The reply is polite and provides a clear next step (DM account number), which is standard practice and safe. However, the lack of response to the verification question reduces helpfulness and overall effectiveness.""}",billing_issue,False,"{'groundedness': 3, 'helpfulness': 2, 'tone': 4, 'actionability': 3, 'safety': 5, 'overall': 3.0, 'rationale': ""The reply is polite and safe, and provides a clear next step (DM), but it fails to address the customer's specific concerns about the $30 upgrade fee or 2‑step verification. No policy information or troubleshooting is offered, so helpfulness is low. Groundedness is neutral because the response neither contradicts nor draws on known precedents. Overall, it is a standard ‘move to DM’ placeholder rather than a substantive resolution.""}",Please send us a DM. - SR
@115714 you guys are the worst at customer service. I can't believe I've been with u as long as I was. Oh well @ATT gain.,general_inquiry,False,general_inquiry,False,general_inquiry,False,"{'groundedness': 1, 'helpfulness': 1, 'tone': 2, 'actionability': 1, 'safety': 5, 'overall': 1.5, 'rationale': ""The agent's reply is a generic, templated response that completely fails to acknowledge the customer's specific complaint about poor service quality or their intention to switch providers. It demonstrates no empathy, offers no resolution path, and appears automated rather than human. While technically polite and safe, it is profoundly unhelpful and inappropriate for the context.""}",general_inquiry,True,"{'groundedness': 5, 'helpfulness': 2, 'tone': 5, 'actionability': 5, 'safety': 5, 'overall': 4.0, 'rationale': ""The reply is polite, professional, and safe, with a clear call to action (DM for details). However, it fails to address the customer's specific frustration or attempt retention, offering only a generic response to a customer explicitly stating they are switching to a competitor. This limits helpfulness significantly.""}",We're sorry to hear about your experience. We'd like to look into this and see how we can help. Please send us a DM with details so we can assist you further. - Team
@sprintcare Can I get my 🍞,general_inquiry,False,general_inquiry,False,general_inquiry,False,"{'groundedness': 2, 'helpfulness': 1, 'tone': 5, 'actionability': 2, 'safety': 5, 'overall': 2.5, 'rationale': ""The reply is polite and safe but fails to address the customer's specific question about their bread order/delivery. It provides only a generic FAQ link without any personalized guidance, order lookup, or relevant information. The agent does not acknowledge the bread emoji or the likely delivery context, making the response unhelpful and low in actionability. Groundedness is minimal as no specific knowledge or precedent is applied.""}",general_inquiry,True,"{'groundedness': 4, 'helpfulness': 3, 'tone': 5, 'actionability': 5, 'safety': 5, 'overall': 4.4, 'rationale': ""The agent's reply is polite and professional, offering a clear next step (DM for assistance). However, it lacks specificity about the bread order/delivery, which reduces helpfulness. The response is safe and actionable, but could be more grounded in the customer's specific issue by acknowledging the bread request directly.""}",We'd be happy to look into that for you. Please send us a DM so we can assist you further. -NW
Sprint is so clutch working off of 3g right now thanks @115714,general_inquiry,False,general_inquiry,False,general_inquiry,False,"{'groundedness': 2, 'helpfulness': 1, 'tone': 3, 'actionability': 1, 'safety': 5, 'overall': 2, 'rationale': 'The customer expressed gratitude for 3G service working well, not a question. The agent replied with a generic FAQ link, failing to acknowledge the positive feedback or engage appropriately. This response is unhelpful, not grounded in the actual interaction, and provides no meaningful action for the customer.'}",general_inquiry,True,"{'groundedness': 1, 'helpfulness': 1, 'tone': 2, 'actionability': 1, 'safety': 4, 'overall': 1.5, 'rationale': 'The customer is thanking Sprint for 3G service working well, but the agent misinterprets the tweet as a complaint and asks if they are experiencing issues, then directs them to DM for assistance. This response is not grounded in the actual customer sentiment, fails to acknowledge the positive feedback, provides unhelpful next steps, and adopts a tone that suggests a problem where none exists. Safety is acceptable as no inappropriate promises or PII leakage occurs.'}",@561741 This is not the tweet we like to see. Are you experiencing any issues with your service? Please DM and follow us to further assist you. -JR
"Hey @115714, I’m already a customer. Please do not have your stores start telemarket call me to push promos. Quick way to create bad customer experience.",general_inquiry,False,general_inquiry,False,general_inquiry,False,"{'groundedness': 1, 'helpfulness': 1, 'tone': 4, 'actionability': 1, 'safety': 5, 'overall': 2, 'rationale': ""The agent's reply is a generic FAQ redirect that does not address the customer's specific request to stop telemarketing calls. It lacks grounding in any relevant policy or precedent, offers no actionable steps (such as opt-out instructions or escalation), and fails to resolve the core issue. While the tone is polite, the response is unhelpful and non-actionable, resulting in a low overall score.""}",general_inquiry,False,"{'groundedness': 4, 'helpfulness': 3, 'tone': 5, 'actionability': 4, 'safety': 5, 'overall': 4.2, 'rationale': 'The agent acknowledges the complaint politely and offers a clear next step (DM for further investigation), which aligns with standard support protocols. However, the reply does not directly address the specific request to stop telemarketing calls or mention an opt‑out process, limiting helpfulness. No invented facts or PII are present, and the tone is professional. Overall, a solid but not fully resolution‑oriented response.'}",We're sorry to hear you had a negative experience and want to help turn this around. Please send us a DM so we can take a closer look. -S M
"@sprintcare Important, but I guess not. I think I am do a credit that supercedes the norm @115714",general_inquiry,False,general_inquiry,False,general_inquiry,False,"{'groundedness': 2, 'helpfulness': 1, 'tone': 5, 'actionability': 3, 'safety': 5, 'overall': 2.5, 'rationale': ""The agent's reply is a generic FAQ referral that does not address the customer's specific concern about a credit exceeding normal policy. While the tone is polite and professional, and the response is safe with no inappropriate promises or PII leakage, it lacks groundedness in the customer's context and provides minimal helpfulness. The actionability is limited to visiting a FAQ, which is unlikely to resolve the specific account issue. Overall, the response is inadequate for the customer's needs.""}",billing_issue,False,"{'groundedness': 2, 'helpfulness': 2, 'tone': 4, 'actionability': 3, 'safety': 5, 'overall': 3.2, 'rationale': ""The agent's reply assumes the customer is inquiring about an iPhone X promotion and states fees cannot be waived, but the customer's message is vague and mentions a credit that 'supercedes the norm' without referencing iPhone X. No precedent was retrieved due to a 429 error, so the response appears generic and not grounded in the specific issue. It does not address the credit concern, reducing helpfulness. Tone is polite and professional. The request to DM and follow is a clear next step, though possibly misdirected. No safety concerns.""}",Please confirm the iPhone X promotion you're on. Upgrade and activation fees cannot be waived for iPhone X devices. Please send us a DM and follow us so we can help. -JT
@sprintcare I have a iphone 6 from sprint. Do yall unlock phones?,general_inquiry,False,general_inquiry,False,account_access,False,"{'groundedness': 1, 'helpfulness': 1, 'tone': 2, 'actionability': 1, 'safety': 5, 'overall': 1.5, 'rationale': ""The agent's response addresses a login/password reset issue that the customer never mentioned, completely ignoring the actual question about whether Sprint unlocks iPhone 6 devices. This appears to be a misrouted or inappropriate templated response that fails to address the customer's real need.""}",general_inquiry,False,"{'groundedness': 4, 'helpfulness': 3, 'tone': 5, 'actionability': 5, 'safety': 5, 'overall': 4.4, 'rationale': 'The agent responds politely and provides a clear next step (DM for review), but does not directly answer the unlock policy question, which limits helpfulness. The response is safe and grounded as it makes no false claims.'}",Hey! We can take a look into this and see what we can do. DM us to review. - GS
@sprintcare phone about this issue and said he is not going to do anything unless I come in the store,general_inquiry,False,general_inquiry,False,general_inquiry,False,"{'groundedness': 2, 'helpfulness': 1, 'tone': 4, 'actionability': 2, 'safety': 5, 'overall': 2.2, 'rationale': ""The agent's reply is a generic FAQ referral that does not address the customer's specific complaint about being told to visit a store for resolution. It lacks empathy, fails to acknowledge the issue, and provides no actionable guidance tailored to the situation. While the tone is polite and safe, the response is unhelpful and not grounded in the customer's context.""}",general_inquiry,True,"{'groundedness': 3, 'helpfulness': 2, 'tone': 5, 'actionability': 4, 'safety': 5, 'overall': 3.2, 'rationale': ""The reply is polite and professional (tone 5) and asks for a DM to continue the conversation (actionability 4), with no safety concerns (safety 5). However, it lacks specificity to the customer's reported issue (being told to visit a store) and does not reference any policy or precedent (groundedness 3). It also does not proactively address the core complaint or offer immediate alternatives, making it only marginally helpful (helpfulness 2). The overall score reflects a generic, safe response that moves the conversation forward but misses an opportunity to demonstrate empathy and problem-solving for the specific situation.""}",We're sorry to hear about this experience. We'd like to help resolve this for you. Please send us a DM with the details so we can assist further. -JA
@115714 Y'ALL PLAY ALL DAY,service_outage,False,general_inquiry,False,general_inquiry,False,"{'groundedness': 2, 'helpfulness': 1, 'tone': 3, 'actionability': 2, 'safety': 5, 'overall': 2.2, 'rationale': ""The agent's reply is a generic FAQ redirect that does not acknowledge the customer's frustration or the specific accusation that staff are not working (possibly indicating a service outage). It fails to address the real issue, offers no empathy, and provides an unclear next step. While the tone is polite and there are no safety concerns, the response is largely unhelpful and not grounded in the customer's actual complaint.""}",service_outage,True,"{'groundedness': 4, 'helpfulness': 3, 'tone': 4, 'actionability': 4, 'safety': 5, 'overall': 3.5, 'rationale': ""The reply is a standard, polite acknowledgment that asks the customer to DM details for investigation. It is consistent with typical support protocols (groundedness 4) and provides a clear next step (actionability 4). However, it does not directly address the customer's specific frustration about staff 'playing all day' or offer immediate reassurance about a potential outage, which limits helpfulness (3). Tone is professional and safe (tone 4, safety 5). Overall, the response is adequate but could be more empathetic and proactive.""}",We're sorry to hear you're experiencing issues. Please send us a DM with details about the service problem so we can investigate and help resolve it. -SD
@251686 @115714 You're not alone.  We're having the same problem.  We returned the devices and they charged us $2000 plus and sent us to a collections agency. Even though I was told they opened a case and wouldn't do anything until the case was closed.,general_inquiry,False,general_inquiry,False,billing_issue,False,"{'groundedness': 3, 'helpfulness': 3, 'tone': 4, 'actionability': 5, 'safety': 5, 'overall': 4.0, 'rationale': 'The reply is polite and provides a clear next step (DM account number), but it lacks empathy for the serious situation (collections, open case) and does not reference any specific policy or precedent. It is safe and actionable but only moderately helpful and grounded.'}",billing_issue,False,"{'groundedness': 3, 'helpfulness': 2, 'tone': 5, 'actionability': 5, 'safety': 5, 'overall': 3.5, 'rationale': ""The agent's reply is polite and provides a clear next step (DM), but it lacks specificity to the customer's serious issue (collections, $2000 charge, case mismanagement). It does not acknowledge the details or express urgency, reducing helpfulness. Groundedness is neutral as no precedent was referenced, but no facts were invented. Tone, actionability, and safety are strong.""}","This sounds concerning, may we have the opportunity to review your account and see what's going on? Please send us a DM. -Support"
@sprintcare @115714 such bullshit.  and now it's time to make a change @sprintcare @115714,general_inquiry,False,general_inquiry,False,general_inquiry,False,"{'groundedness': 1, 'helpfulness': 1, 'tone': 2, 'actionability': 2, 'safety': 5, 'overall': 1.8, 'rationale': ""The agent's reply is a generic FAQ redirect that completely fails to acknowledge the customer's frustration or specific complaint. It shows no grounding in the actual issue raised, offers no meaningful help for an angry customer, and uses a tone-deaf 'Thanks for your question!' opening that feels dismissive. While the response is safe (no PII or false promises) and provides a nominal action (FAQ link), it does not address the real need for empathy, accountability, or a concrete resolution path.""}",general_inquiry,True,"{'groundedness': 3, 'helpfulness': 3, 'tone': 4, 'actionability': 4, 'safety': 5, 'overall': 3.5, 'rationale': ""The reply is a standard, polite acknowledgment that offers a clear next step (DM for details) and maintains a professional tone. However, it lacks specificity to the customer's apparent frustration and does not reference any known issue or precedent (the reference notes only show a 429 error unrelated to the content). It is safe and actionable but only moderately helpful and grounded.""}",We're sorry to hear you're feeling this way. We'd love the chance to help. Please send us a DM with details so we can assist you further. -AI
"@sprintcare I appreciate the quick reply. Just trying to see if this means we have to buy out the phone after 18 months or we ""paid off""... If it's the 2nd that seems like a lot of money out of pocket so trying to understand. Thanks! https://t.co/yz1LVSmxaI",general_inquiry,False,general_inquiry,False,general_inquiry,False,"{'groundedness': 2, 'helpfulness': 1, 'tone': 4, 'actionability': 2, 'safety': 5, 'overall': 2, 'rationale': ""The agent's reply is polite and safe but fails to address the customer's specific question about phone payment terms after 18 months. Instead of providing a direct answer or clarifying the buyout vs. paid-off distinction, the agent only shares a generic FAQ link, which forces the customer to self-serve without guidance. This lacks helpfulness and clear actionability, though tone and safety are acceptable.""}",general_inquiry,False,"{'groundedness': 3, 'helpfulness': 2, 'tone': 5, 'actionability': 4, 'safety': 5, 'overall': 3.2, 'rationale': ""The agent's reply is polite and professional (tone 5) and safely directs the customer to a private channel for account-specific details (safety 5, actionability 4). However, it fails to address the customer's core question about the general structure of the 18-month payment plan (buyout vs. paid off), offering no clarification or general policy information (helpfulness 2). Since no specific precedent or policy was cited, groundedness is neutral (3). Overall, the response deflects rather than resolves the inquiry.""}",Hi there! We'd be happy to help clarify the details of your phone payment plan. Could you please send us a DM with your account information so we can take a closer look at your specific agreement? - CE
Hmm @116447 @sprintcare what is wrong here read the photos 3G then zero Data address to the tower is in the photo https://t.co/lmwS2cIs0z,service_outage,False,general_inquiry,False,general_inquiry,False,"{'groundedness': 1, 'helpfulness': 1, 'tone': 4, 'actionability': 2, 'safety': 5, 'overall': 2.0, 'rationale': ""The agent's reply is a generic FAQ redirect that fails to acknowledge the customer's specific connectivity issue (3G then zero data) and the tower address provided in the photo. While the tone is polite and professional, and the response is safe with no PII leakage or inappropriate promises, it lacks groundedness in the customer's actual problem, offers minimal helpfulness for a technical issue requiring troubleshooting, and provides an actionable step (visit FAQ) that is unlikely to resolve the specific concern.""}",service_outage,False,"{'groundedness': 5, 'helpfulness': 4, 'tone': 5, 'actionability': 5, 'safety': 5, 'overall': 4.8, 'rationale': ""The agent correctly acknowledges the service issue and requests the customer's location via DM to investigate tower connectivity, which aligns with standard support procedures. The response is polite, professional, and provides a clear next step while maintaining privacy by asking for a DM. It does not make unrealistic promises or leak PII. The only minor gap is that the agent does not explicitly reference the tower address mentioned in the customer's photo, which could have demonstrated more attentive reading.""}",Hello! We can look into this service issue for you. Please send us a DM with your address/location so we can check on the tower and data connectivity in your area.
@289066 @115714 T-Mobile all the way. I've always had fantastic experiences with them.,general_inquiry,False,general_inquiry,False,general_inquiry,False,"{'groundedness': 1, 'helpfulness': 1, 'tone': 4, 'actionability': 1, 'safety': 5, 'overall': 2, 'rationale': ""The customer's message is positive feedback about T-Mobile, not a question. The agent's reply treats it as a question and directs to FAQ, which is irrelevant. The tone is polite but the response lacks groundedness, helpfulness, and actionability. Safety is fine.""}",general_inquiry,True,"{'groundedness': 5, 'helpfulness': 5, 'tone': 5, 'actionability': 5, 'safety': 5, 'overall': 5.0, 'rationale': ""The agent's reply appropriately acknowledges the customer's positive feedback, maintains a polite and professional tone, offers clear next steps (DM for assistance), and contains no fabricated information or safety concerns. It fully aligns with the customer's sentiment and brand voice.""}","Thank you for the kind words! We're thrilled to hear you've had fantastic experiences with T-Mobile. If there's anything we can help with, please don't hesitate to send us a DM. -EF"
Dear @115714 ..... Yeah I have nothing nice to say.,general_inquiry,False,general_inquiry,False,general_inquiry,False,"{'groundedness': 2, 'helpfulness': 1, 'tone': 3, 'actionability': 2, 'safety': 5, 'overall': 2.0, 'rationale': ""The agent's reply is a generic canned response that does not acknowledge the customer's clear frustration ('nothing nice to say'). It treats the message as a question and directs to an FAQ, which is not grounded in the actual issue (groundedness low). It fails to address the customer's emotional state or underlying problem (helpfulness very low). The tone is polite but tone-deaf, lacking empathy (tone moderate). The suggested action (visit FAQ) is clear but irrelevant to the venting customer (actionability low). There are no safety concerns such as promises or PII leakage (safety high). Overall, the reply is poorly suited to the situation.""}",general_inquiry,True,"{'groundedness': 3, 'helpfulness': 4, 'tone': 5, 'actionability': 5, 'safety': 5, 'overall': 4.4, 'rationale': ""The agent's reply is empathetic and professional, offering a clear next step (DM) without making promises or leaking PII. However, groundedness is rated lower because the reference notes were unavailable (rate limit error), so consistency with specific precedents cannot be verified. The response addresses the customer's frustration and provides actionable guidance, making it helpful and safe.""}",We're sorry to hear you're feeling this way and would appreciate the chance to help. Please send us a DM so we can look into this further and see how we can assist. -Team
@sprintcare fyi -only interested in the $350 off. Had cust svc come back w offers I was not interested. Plz dont waste my time. I expect a good faith effort on this offer,general_inquiry,False,general_inquiry,False,general_inquiry,False,"{'groundedness': 1, 'helpfulness': 1, 'tone': 2, 'actionability': 1, 'safety': 5, 'overall': 2.0, 'rationale': ""The agent's reply is a generic FAQ redirect that does not address the customer's specific request for the $350 off offer, nor does it acknowledge their frustration. It lacks grounding in any relevant policy or precedent, provides no actionable resolution, and while polite, the tone is dismissive. Safety is not an issue as no inappropriate promises or PII are involved.""}",billing_issue,False,"{'groundedness': 3, 'helpfulness': 2, 'tone': 4, 'actionability': 4, 'safety': 5, 'overall': 2.5, 'rationale': ""The agent's reply is polite and provides a clear next step (DM with account info), but it fails to acknowledge the customer's specific request for the $350 off offer or their frustration with previous interactions. The response feels generic and does not demonstrate a good-faith effort to resolve the issue directly, which reduces helpfulness. No safety concerns or invented facts are present.""}",We understand you're interested in a specific offer and want to ensure we address this properly. Please send us a direct message with your account information so we can look into this for you.
More rockets fast speeds from 2013 for @115714 When r u going to get a ‘17 network @52911 #sprintsucks https://t.co/Q0L3z4kN6P,general_inquiry,False,general_inquiry,False,general_inquiry,False,"{'groundedness': 1, 'helpfulness': 1, 'tone': 3, 'actionability': 1, 'safety': 5, 'overall': 2, 'rationale': ""The agent's reply is a generic template that fails to address the customer's specific complaint about slow network speeds and outdated infrastructure (referencing 2013 and 2017). It shows no grounding in the customer's actual issue, offers no helpful information or empathy, and simply redirects to an FAQ link without any tailored guidance. While the tone is polite and the response is safe (no PII or inappropriate promises), it lacks actionability for this particular situation and provides minimal overall value.""}",general_inquiry,False,"{'groundedness': 5, 'helpfulness': 2, 'tone': 5, 'actionability': 4, 'safety': 5, 'overall': 3.5, 'rationale': ""The reply is polite, professional, and safe, with a clear next step (DM). However, it does not substantively address the customer's specific complaint about slow network speeds and outdated infrastructure, merely deflecting to a private message without acknowledging the issue or offering any immediate reassurance or information.""}",Please send us a DM with more information regarding your concerns.
"@sprintcare I can’t rely on the service I pay you $200/month for. This was in Tampa yesterday. We experience regular service outages all over the state, on major highways &amp; in cities. Can you let us out of our contracts for free or credit us? https://t.co/NZJco92sE6",general_inquiry,False,general_inquiry,False,billing_issue,False,"{'groundedness': 2, 'helpfulness': 3, 'tone': 3, 'actionability': 4, 'safety': 5, 'overall': 3, 'rationale': ""The agent's reply is generic and does not acknowledge the customer's specific complaint about widespread service outages or their request for contract release/credits. It mislabels the issue as a 'billing issue' and simply asks for the account number via DM. While the tone is professional and the next step is clear, the response lacks empathy and fails to address the core problem, making it only minimally helpful.""}",service_outage,False,"{'groundedness': 5, 'helpfulness': 3, 'tone': 5, 'actionability': 5, 'safety': 5, 'overall': 4.6, 'rationale': ""The agent's reply is polite, professional, and offers a clear next step (DM for assistance). It acknowledges the customer's frustration but does not directly address the specific request for contract release or credits, which limits helpfulness. No factual errors or safety concerns are present.""}","We apologize for the unreliable service and the frustration this causes, especially when you're paying for dependable coverage. We'd like to look into this further and see how we can help. Please send us a DM so we can assist you directly."
@115714 I really need to switch plans idk why I keep playing myself for this bumass company,billing_issue,False,general_inquiry,False,general_inquiry,False,"{'groundedness': 2, 'helpfulness': 1, 'tone': 3, 'actionability': 1, 'safety': 5, 'overall': 2.0, 'rationale': ""The agent's reply is a generic FAQ redirect that does not address the customer's specific request to switch plans, ignores the expressed frustration, and provides no actionable guidance. While polite and safe, it fails to be helpful or grounded in the customer's actual need.""}",general_inquiry,False,"{'groundedness': 5, 'helpfulness': 4, 'tone': 5, 'actionability': 5, 'safety': 5, 'overall': 4.8, 'rationale': ""The agent acknowledges the customer's frustration and directly addresses the request to switch plans. The reply is polite, professional, and provides a clear next step (DM for further assistance). It stays grounded in the customer's stated need without inventing facts. Helpfulness is slightly reduced because the agent could have asked clarifying questions (e.g., desired plan) or offered immediate guidance, but the core issue is addressed. No safety concerns or PII leakage.""}",I'm sorry to hear you're feeling frustrated. I'd be happy to help you switch plans. Please send us a DM so we can assist you further.
@sprintcare DM?,general_inquiry,False,general_inquiry,False,general_inquiry,False,"{'groundedness': 2, 'helpfulness': 2, 'tone': 4, 'actionability': 3, 'safety': 5, 'overall': 2.8, 'rationale': ""The agent's reply is polite and safe but fails to directly answer the customer's simple yes/no question about DM support. Instead, it redirects to a generic FAQ link without confirming whether direct messaging is an available support channel. This lacks groundedness in specific policy, offers limited helpfulness, and only partial actionability since the customer's core question remains unanswered.""}",general_inquiry,False,"{'groundedness': 5, 'helpfulness': 5, 'tone': 5, 'actionability': 5, 'safety': 5, 'overall': 5, 'rationale': ""The agent's reply is concise, polite, and directly answers the customer's question with a clear call to action. It follows standard support protocol by inviting the customer to DM for personalized assistance. All dimensions score maximum as the response is perfectly appropriate for the query.""}",Please DM us. We will be happy to help. -SW
@115714 service is the worst. Days like today make me understand why none of my friends and family use them.,general_inquiry,False,general_inquiry,False,general_inquiry,False,"{'groundedness': 1, 'helpfulness': 1, 'tone': 1, 'actionability': 1, 'safety': 5, 'overall': 1.5, 'rationale': ""The customer is venting frustration about poor service, not asking a question. The agent's reply treats the complaint as a generic inquiry, fails to acknowledge the dissatisfaction, offers no apology or empathy, and simply redirects to an FAQ link. This response is ungrounded in the actual customer sentiment, unhelpful, tone-deaf, and lacks actionable steps for resolution. It does not violate safety policies (no promises or PII), but overall it is a poor customer service interaction.""}",general_inquiry,True,"{'groundedness': 5, 'helpfulness': 4, 'tone': 5, 'actionability': 5, 'safety': 5, 'overall': 4.8, 'rationale': ""The agent's reply is well-grounded in standard customer service practice, acknowledging the complaint without inventing facts. It is helpful by apologizing and requesting specifics via DM, though it could be more proactive given the vague complaint. Tone is polite, professional, and empathetic. Actionability is clear with a direct next step (send DM). Safety is maintained with no promises or PII exposure. Overall score reflects strong performance with minor room for increased helpfulness.""}",We're sorry to hear about your experience. We'd like to help resolve this for you. Could you please share more details about the service issues you're encountering? You can send us a DM so we can look into this further. -KA
"@115714 can you please fix your data , shit never loads 😒",service_outage,False,general_inquiry,False,general_inquiry,False,"{'groundedness': 1, 'helpfulness': 1, 'tone': 2, 'actionability': 2, 'safety': 5, 'overall': 1.5, 'rationale': ""The agent's reply is a generic template that fails to address the customer's specific complaint about data not loading. It does not acknowledge the frustration, offer troubleshooting, or escalate the issue. The FAQ redirect is unlikely to resolve a technical loading problem, making the response unhelpful and poorly grounded in the customer's actual need. Tone is polite but dismissive. Actionability is present but ineffective. Safety is fine with no policy violations.""}",service_outage,False,"{'groundedness': 5, 'helpfulness': 5, 'tone': 5, 'actionability': 5, 'safety': 5, 'overall': 5, 'rationale': ""The agent acknowledges the customer's frustration, apologizes, and requests specific location details (ZIP code and cross streets) via DM to investigate the data loading issue. This is consistent with standard support procedures, addresses the real issue, maintains a polite and professional tone despite the customer's profanity, provides a clear next step, and does not make inappropriate promises or leak PII.""}",We're sorry to hear you're experiencing data issues! We'd like to look into this for you. Please send us a DM with your ZIP code and nearest cross streets so we can investigate further. -Daulton
@sprintcare The whole week ! Sunday Monday Tuesday Wednesday Thursday Friday and now Saturdayyyyyyyy,service_outage,True,general_inquiry,False,general_inquiry,False,"{'groundedness': 1, 'helpfulness': 1, 'tone': 2, 'actionability': 1, 'safety': 5, 'overall': 1.5, 'rationale': ""The agent's reply is a generic template response that completely fails to address the customer's specific complaint about a week-long persistent issue. It does not acknowledge the frustration, ask for details, offer troubleshooting, or provide any meaningful next steps beyond a generic FAQ link. While polite in a robotic sense and safe (no PII/promises), it is unhelpful, ungrounded in the customer's context, and lacks actionable guidance.""}",service_outage,False,"{'groundedness': 3, 'helpfulness': 2, 'tone': 5, 'actionability': 4, 'safety': 5, 'overall': 3.5, 'rationale': 'The agent acknowledges frustration politely and provides a clear next step (DM), but the response is generic and does not address the specific week-long issue or offer any immediate assistance, reducing helpfulness and groundedness.'}","We completely understand your frustration, please send us a DM so that we can further assist you. -JM"
"@sprintcare my texts are refusing to send to some people, but not others.  They are just stuck on ""sending""",service_outage,False,general_inquiry,False,general_inquiry,False,"{'groundedness': 2, 'helpfulness': 1, 'tone': 5, 'actionability': 2, 'safety': 5, 'overall': 2.0, 'rationale': ""The agent's reply is polite and safe but fails to address the customer's specific technical issue (texts stuck on 'sending' to some recipients). It offers only a generic FAQ link without any troubleshooting steps, clarifying questions, or acknowledgment of the problem's nuances. This makes the response unhelpful and lacking in groundedness to the customer's actual situation. While the tone is professional and the action (visit FAQ) is clear, it is unlikely to resolve the issue.""}",service_outage,False,"{'groundedness': 5, 'helpfulness': 3, 'tone': 5, 'actionability': 4, 'safety': 5, 'overall': 4, 'rationale': 'The reply correctly acknowledges the text messaging issue without inventing facts (groundedness 5). It provides a clear next step (DM) but lacks immediate troubleshooting or guidance on what information to include, making it moderately helpful (helpfulness 3). Tone is polite and professional (tone 5). Actionability is good with a clear directive, though could be more specific (actionability 4). No safety concerns; appropriately moves account-specific troubleshooting to private channel (safety 5). Overall a standard, adequate support response.'}",We're sorry to hear about the text messaging issue. Please send us a DM so we can look into this further. -Agent
@116447 @52002 @120330 @136083 @127587 @sprintcare please stop harassing me,general_inquiry,False,general_inquiry,False,general_inquiry,False,"{'groundedness': 1, 'helpfulness': 1, 'tone': 2, 'actionability': 1, 'safety': 3, 'overall': 1.2, 'rationale': ""The agent's reply is a generic, canned response that completely fails to address the customer's serious complaint about harassment. It shows no empathy, understanding, or appropriate action. The FAQ link is irrelevant to the issue. This is a poor customer service response.""}",general_inquiry,True,"{'groundedness': 1, 'helpfulness': 1, 'tone': 2, 'actionability': 1, 'safety': 3, 'overall': 1.5, 'rationale': ""The agent's reply is a generic 'system error' message that completely fails to address the customer's serious harassment complaint. It does not acknowledge the allegation, offer to investigate, provide escalation paths, or give any actionable next steps. While the wording is superficially polite, the tone is inappropriate for the gravity of the issue. The response appears to be a failed automated reply rather than a meaningful human response. No PII is leaked and no inappropriate promises are made, but the neglect of a harassment report represents a safety concern in terms of duty of care.""}","I am sorry, but I am unable to assist with this request at the moment due to a system error."
@sprintcare 10/29/2017,general_inquiry,False,general_inquiry,False,general_inquiry,False,"{'groundedness': 2, 'helpfulness': 2, 'tone': 4, 'actionability': 3, 'safety': 5, 'overall': 3.2, 'rationale': ""The agent's reply is a generic FAQ redirect that does not acknowledge the customer's specific reference to a past interaction date (10/29/2017). While the tone is polite and professional, and the response is safe with no PII leakage, it lacks groundedness in the customer's context and provides limited helpfulness. The actionability is present (visit FAQ) but not tailored to the likely need for follow-up on a previous case.""}",general_inquiry,True,"{'groundedness': 2, 'helpfulness': 3, 'tone': 5, 'actionability': 5, 'safety': 5, 'overall': 3.5, 'rationale': ""The agent's reply is polite and professional (tone 5), provides a clear next step by asking for a DM (actionability 5), and makes no unsafe promises or leaks (safety 5). However, the response does not acknowledge the specific date (10/29/2017) referenced by the customer, missing an opportunity to demonstrate awareness of the prior interaction (groundedness 2). While asking for more details is standard, the generic nature of the reply without referencing the customer's context reduces its helpfulness (helpfulness 3). Overall, the reply is competent but could be more personalized to the customer's mention of a past case.""}",Hello! I'd be more than happy to assist you with any questions or concerns you may have. Could you please send us a DM with more details so we can better understand how to help? - Sprint Care
@115714 Your company has the worst customer service on planet earth. Im porting my phones to @115725 today #byebyesprint,general_inquiry,False,general_inquiry,False,general_inquiry,False,"{'groundedness': 2, 'helpfulness': 1, 'tone': 2, 'actionability': 1, 'safety': 5, 'overall': 2, 'rationale': ""The agent's reply is a generic, templated response that fails to acknowledge the customer's frustration or their intent to switch carriers. It does not address the complaint, offer retention efforts, or provide relevant assistance. The tone is inappropriately cheerful for a complaint. While safe and non-deceptive, it is unhelpful and unactionable for the customer's situation.""}",general_inquiry,True,"{'groundedness': 2, 'helpfulness': 2, 'tone': 4, 'actionability': 3, 'safety': 5, 'overall': 2.5, 'rationale': ""The reply uses a polite, on-brand tone and avoids safety issues, but it is a generic template that does not acknowledge the customer's specific complaint, the urgency of a same-day port-out, or offer any concrete retention action. 'Please DM us' is a clear next step but unlikely to resolve the issue in time. The response lacks grounding in any customer history or precedent and provides minimal helpfulness for a customer who has already decided to leave.""}","Oh no! Your business is very important to us, and we don't want to see you going anywhere. Please DM us so we can talk! -CO"
Bout to get my money back from @115714 pissed i been on the phone with them for like a week now for 2 seperate issues,billing_issue,True,general_inquiry,False,general_inquiry,False,"{'groundedness': 2, 'helpfulness': 1, 'tone': 2, 'actionability': 3, 'safety': 5, 'overall': 2.2, 'rationale': ""The agent's reply is a generic FAQ redirect that does not acknowledge the customer's specific frustration (a week of calls for two issues) or their request for a refund. Groundedness is low because the response ignores the context provided in the reference notes. Helpfulness is minimal as the FAQ link is unlikely to resolve the complex, multi-issue situation. Tone is polite but tone-deaf, lacking empathy for an angry customer. Actionability provides a clear step (visit FAQ) but it is not appropriate for the severity of the issue. Safety is high with no inappropriate promises or PII leakage. Overall score reflects the poor fit for the customer's urgent need.""}",billing_issue,False,"{'groundedness': 4, 'helpfulness': 3, 'tone': 5, 'actionability': 5, 'safety': 5, 'overall': 4.4, 'rationale': ""The agent's reply is polite and professional, offering a clear next step (DM) without making promises or leaking PII. However, it only generically acknowledges frustration and does not specifically address the two separate issues or the refund request, which limits helpfulness. Groundedness is acceptable as no facts are invented, but no precedent is referenced.""}",I'm sorry to hear about the frustration you've experienced. We'd like to help resolve this for you. Please send us a DM so we can look into your concerns further. - DJ
@118159 Yeah I have sprint and the service sucks,service_outage,False,general_inquiry,False,general_inquiry,False,"{'groundedness': 1, 'helpfulness': 1, 'tone': 2, 'actionability': 1, 'safety': 5, 'overall': 1.5, 'rationale': ""The agent's reply is a generic FAQ redirect that does not acknowledge the customer's specific complaint about Sprint service quality. It lacks empathy, fails to address the issue, and provides no actionable guidance. While the tone is polite, it feels dismissive. No safety concerns are present.""}",service_outage,False,"{'groundedness': 5, 'helpfulness': 3, 'tone': 5, 'actionability': 5, 'safety': 5, 'overall': 4.5, 'rationale': 'The agent acknowledges the complaint politely and provides a clear next step (DM for investigation), which is appropriate for account-specific service issues. However, the reply could be more helpful by asking for basic details (e.g., location, device, type of issue) to expedite troubleshooting or offering immediate self-help resources. No invented facts, tone is professional, and there are no safety concerns.'}",I'm sorry to hear you're experiencing service issues. Please send us a DM so we can look into this for you. - NJ
@sprintcare I need to speak to someone about my bill and when I call I only get a machine and the store said I have to come in for them to help me.,billing_issue,True,general_inquiry,False,billing_issue,False,"{'groundedness': 4, 'helpfulness': 3, 'tone': 4, 'actionability': 4, 'safety': 5, 'overall': 4.0, 'rationale': ""The agent acknowledges the billing issue and provides a clear next step (DM account number), which is consistent with standard support procedures. However, the response does not directly address the customer's expressed frustration about being unable to reach a human via phone or the store's requirement to visit in person. The tone is polite and professional, and the request for account number via DM is safe and appropriate. Overall, the reply is functional but could be more empathetic and specific about connecting the customer with a human representative.""}",billing_issue,False,"{'groundedness': 3, 'helpfulness': 2, 'tone': 4, 'actionability': 4, 'safety': 5, 'overall': 3.5, 'rationale': ""The reply is polite and provides a clear next step (DM), but it fails to directly address the customer's core frustration: the inability to reach a human representative by phone and being redirected to a store. It offers a generic 'DM us' response without acknowledging the specific pain points or guaranteeing human contact, which limits its helpfulness. No safety or factual issues are present.""}",We'd like to take a closer look at your billing concern. Please send us a DM for further assistance. - Support Team
@sprintcare 7th Avenue from Indian School to I-10 in Phoenix is a dead zone. Been like​ this for years. Please fix it.,service_outage,False,general_inquiry,False,general_inquiry,False,"{'groundedness': 2, 'helpfulness': 1, 'tone': 5, 'actionability': 2, 'safety': 5, 'overall': 3, 'rationale': ""The agent's reply is polite and safe but fails to address the specific network issue reported. It directs the customer to a generic FAQ without acknowledging the dead zone or offering any troubleshooting, escalation, or timeline for a fix. This makes the response unhelpful and only minimally actionable.""}",service_outage,False,"{'groundedness': 5, 'helpfulness': 4, 'tone': 5, 'actionability': 5, 'safety': 5, 'overall': 4.8, 'rationale': ""The agent's reply is grounded in standard support procedure by requesting specific location details (cross streets and ZIP codes) to investigate the reported dead zone. It is helpful but could have acknowledged the already-provided location (7th Avenue from Indian School to I-10) before asking for more details. The tone is polite and professional, with a clear call to action (send a DM). No safety concerns or inappropriate promises are present. Overall, a strong response that efficiently moves the issue toward resolution.""}","Hey, please send us a DM providing us with the nearest cross streets and ZIP codes. So we can take a look. -RW"
@115714 has the ABSOLUTE WORST SERVICE ... I HATE IT,general_inquiry,True,general_inquiry,False,general_inquiry,False,"{'groundedness': 1, 'helpfulness': 1, 'tone': 1, 'actionability': 1, 'safety': 5, 'overall': 1.8, 'rationale': ""The agent's reply is a generic, dismissive response that completely fails to address the customer's extreme dissatisfaction. The customer is not asking a question but expressing strong negative sentiment about service quality. The agent should have acknowledged the frustration, apologized, and offered concrete assistance or escalation. Instead, the automated FAQ referral ignores the emotional content and specific complaint, making it unhelpful, poorly toned, and non-actionable. Safety is acceptable as no inappropriate promises or PII leakage occurred.""}",general_inquiry,True,"{'groundedness': 3, 'helpfulness': 2, 'tone': 4, 'actionability': 4, 'safety': 5, 'overall': 3.6, 'rationale': ""The reply is a standard, polite apology with a clear call to action (DM for assistance), which is safe and professional. However, it lacks specificity to the customer's intense dissatisfaction and does not acknowledge the severity of the complaint, reducing perceived helpfulness. Groundedness is moderate as the response is generic and not tied to any known case details.""}",Hi there! We're sorry to hear about your experience. Please send us a DM so we can assist you further. -Support Team
@116447 get ur security together. Getting my account hacked again is ridiculous. Even with 2 factor auth enabled.,account_access,False,general_inquiry,False,account_access,False,"{'groundedness': 2, 'helpfulness': 1, 'tone': 3, 'actionability': 2, 'safety': 5, 'overall': 2.2, 'rationale': ""The agent's reply is a generic password reset suggestion that fails to acknowledge the customer's specific report of a repeated account compromise despite having 2FA enabled. It does not reference the security concern, investigate the 2FA bypass, or offer appropriate remediation steps (e.g., reviewing login activity, revoking sessions, contacting security team). While the tone is polite, the response is dismissive of the core issue and provides insufficient actionable guidance. No safety violations or PII leaks are present.""}",account_access,False,"{'groundedness': 3, 'helpfulness': 2, 'tone': 3, 'actionability': 3, 'safety': 5, 'overall': 2.8, 'rationale': 'The reply is polite and safe, but it fails to acknowledge the severity of a repeat account compromise despite 2FA, offers no immediate guidance, and simply deflects to DM without demonstrating understanding of the specific security concern. Groundedness is neutral as no facts are invented but no precedent is referenced. Helpfulness is low because the core issue (2FA bypass) is not addressed. Tone is professional but lacks empathy. Actionability provides a next step but no immediate self-help. Safety is high with no inappropriate promises or PII exposure.'}",Hey! We're sorry to hear about this security concern. We'd like to look into this further and help secure your account. Please send us a DM so we can assist you directly. -Support Team
@115714 I just joined sprint and I love it.,general_inquiry,False,general_inquiry,False,general_inquiry,False,"{'groundedness': 1, 'helpfulness': 1, 'tone': 2, 'actionability': 1, 'safety': 5, 'overall': 1.5, 'rationale': ""The agent misinterprets the customer's positive feedback as a question and responds with an irrelevant FAQ link, failing to acknowledge the customer's satisfaction or engage appropriately.""}",general_inquiry,True,"{'groundedness': 5, 'helpfulness': 5, 'tone': 5, 'actionability': 5, 'safety': 5, 'overall': 5.0, 'rationale': ""The agent's reply appropriately acknowledges the customer's positive feedback, maintains a polite and professional tone, offers a clear next step (DM for future assistance), and contains no fabricated information or safety concerns.""}","Thank you so much for the kind words! We're thrilled to hear you're loving your experience with Sprint. If you ever need anything at all, please don't hesitate to reach out via DM. We're here to help! - Sprint Care"
@sprintcare y'all gave me a way higher bill then what I was told it was going to be and I got no service .,billing_issue,False,general_inquiry,False,billing_issue,False,"{'groundedness': 5, 'helpfulness': 4, 'tone': 5, 'actionability': 5, 'safety': 5, 'overall': 4.8, 'rationale': ""The agent's reply is grounded in standard support procedure, politely acknowledges the billing issue, and provides a clear actionable next step (DM account number). However, it only addresses the billing concern and does not explicitly acknowledge the customer's mention of receiving no service, which slightly reduces helpfulness. Tone, actionability, and safety are all strong.""}",billing_issue,False,"{'groundedness': 5, 'helpfulness': 4, 'tone': 5, 'actionability': 5, 'safety': 5, 'overall': 4.8, 'rationale': ""The agent's reply acknowledges the customer's complaint about a higher-than-quoted bill and lack of service, which aligns with the reference notes (groundedness 5). It offers to help by requesting a DM to investigate account details, which is a standard first step but does not provide immediate resolution (helpfulness 4). The tone is polite, empathetic, and professional (tone 5). The next step—sending a DM—is clear and actionable (actionability 5). No inappropriate promises or PII are disclosed (safety 5). Overall, the response is solid but could be more proactive; the average score is 4.8.""}",Hi! I'm sorry to hear about the higher bill and service issue. I'd like to help you resolve this. Please send us a DM so we can look into your account details and assist you further. -Resolution Support
Seriously @115714 your network is trash highly considering switching to @115725 so Sprint give me a reason to stay...,general_inquiry,False,general_inquiry,False,general_inquiry,False,"{'groundedness': 2, 'helpfulness': 1, 'tone': 3, 'actionability': 2, 'safety': 5, 'overall': 2.2, 'rationale': ""The agent's reply is a generic FAQ redirect that does not acknowledge the customer's specific complaint about network quality or their threat to switch to a competitor. It fails to address the real issue, offers no personalized retention effort, and provides only a vague next step. While the tone is polite and the response is safe, it is largely unhelpful and not grounded in the context of the customer's frustration.""}",service_outage,False,"{'groundedness': 3, 'helpfulness': 2, 'tone': 5, 'actionability': 4, 'safety': 5, 'overall': 3.8, 'rationale': ""The agent's reply is polite and professional, acknowledging the customer's frustration and providing a clear next step (DM for details). However, it does not directly address the customer's core request for a reason to stay or the threat to switch to a competitor, making it only partially helpful. The response is generic and does not reference any specific network issues, promotions, or retention offers, which limits groundedness. No safety concerns or PII leakage are present.""}",We understand how important it is to stay connected. Let's check what seems to be the issue. Can you please give us more details of your issue via DM? -Support
"@115714 Coming to see you guys tomorrow at your Waldorf, MD location. Looking forward to it :)",general_inquiry,False,general_inquiry,False,general_inquiry,False,"{'groundedness': 1, 'helpfulness': 1, 'tone': 2, 'actionability': 1, 'safety': 5, 'overall': 1.5, 'rationale': ""The customer was informing the business about an upcoming visit to the Waldorf, MD location, not asking a question. The agent's generic FAQ referral completely misses the context, fails to acknowledge the visit, and provides no relevant information or next steps. While the tone is polite, the response is inappropriate for the situation and shows a lack of reading comprehension.""}",general_inquiry,False,"{'groundedness': 5, 'helpfulness': 5, 'tone': 5, 'actionability': 5, 'safety': 5, 'overall': 5, 'rationale': ""The agent's reply appropriately acknowledges the customer's planned visit to the Waldorf, MD location, maintains a warm and professional tone, and proactively offers assistance via DM if needed. The response is fully grounded in the customer's message, adds no invented information, and provides a clear, safe next step without overpromising or leaking PII.""}","Hey there! That's great to hear you're visiting our Waldorf, MD location tomorrow. We hope you have a wonderful experience! If there's anything you need assistance with before your visit or any questions we can help with, please feel free to DM us. We're happy to help! - FL https://t.co/rMApsV8PQY"
@sprintcare I called a listed repair shop and was told it cost them too much so they let go of the technician.,general_inquiry,False,general_inquiry,False,general_inquiry,False,"{'groundedness': 1, 'helpfulness': 1, 'tone': 4, 'actionability': 2, 'safety': 5, 'overall': 2.2, 'rationale': ""The agent's reply is generic and does not address the customer's specific complaint about a repair shop letting go of a technician due to cost. While the tone is polite and safe, the response lacks groundedness, helpfulness, and actionable guidance tailored to the issue.""}",general_inquiry,False,"{'groundedness': 2, 'helpfulness': 2, 'tone': 4, 'actionability': 3, 'safety': 5, 'overall': 3.2, 'rationale': ""The agent's reply misunderstands the customer's report (the shop let go of a technician due to cost) by asking an unclear question about the 'resolution of the technician.' This suggests low groundedness and helpfulness. The tone is polite and professional, and the request to DM for options provides a clear next step, though the confusing initial question may reduce actionability. No safety concerns are present.""}",So what was the resolution of the technician? Please send us a DM so that we can check your options. - LH
@115714 your service is SHIT! I regret switching.. ugh..,general_inquiry,True,general_inquiry,False,general_inquiry,False,"{'groundedness': 2, 'helpfulness': 1, 'tone': 2, 'actionability': 1, 'safety': 5, 'overall': 2, 'rationale': ""The agent fails to acknowledge the customer's strong dissatisfaction and regret about switching providers. The reply uses a generic canned response ('Thanks for your question!') that is tone-deaf for a complaint, directs the customer to an FAQ without addressing the specific service quality issue, and offers no meaningful path to resolution or empathy. While safe and not factually incorrect, the response is unhelpful and inappropriate for the situation.""}",service_outage,True,"{'groundedness': 5, 'helpfulness': 4, 'tone': 5, 'actionability': 5, 'safety': 5, 'overall': 4.8, 'rationale': ""The agent's reply is professional, empathetic, and provides a clear next step (DM for further investigation). It acknowledges the customer's frustration without making promises or leaking information. The only minor deduction in helpfulness is that the response is a standard template and doesn't address the specific complaint, but it appropriately moves the conversation to a private channel for resolution.""}",It concerns us to know that you're not enjoying your experience right now. Let's look into this for you. Please send us a DM so that we can get started. -CS
You’ve crossed the line @115714 I’m done with this for the last time you are now going to be sued....,general_inquiry,True,general_inquiry,False,general_inquiry,False,"{'groundedness': 1, 'helpfulness': 1, 'tone': 1, 'actionability': 1, 'safety': 2, 'overall': 1.0, 'rationale': ""The agent's reply is a generic, templated response that completely fails to address the customer's extreme anger and explicit threat of legal action. 'Thanks for your question!' is tone-deaf and dismissive when a customer states they are 'done' and will sue. Directing them to an FAQ provides no actionable path for de-escalation, complaint resolution, or legal threat management. The response shows no grounding in the specific situation, offers no helpful next steps, and risks further escalation by ignoring the severity of the customer's message. While it doesn't leak PII or make false promises (safety=2), it is negligent in handling a high-risk interaction.""}",general_inquiry,True,"{'groundedness': 1, 'helpfulness': 1, 'tone': 2, 'actionability': 1, 'safety': 3, 'overall': 1.5, 'rationale': ""The agent's reply is a generic 'system error' message that fails to address the customer's extreme anger and explicit legal threat. It invents a 'system error' not supported by context (groundedness=1), does not acknowledge the threat or attempt de-escalation (helpfulness=1), uses a polite but tone-deaf robotic apology (tone=2), provides no actionable next step or escalation path (actionability=1), and while it avoids inappropriate promises or PII leakage, it dismisses a serious legal threat which could exacerbate risk (safety=3). Overall, the response is inadequate for the situation.""}","I am sorry, but I am unable to assist with this request at the moment due to a system error."
@sprintcare Pay off my phone and guarantee a cheaper plan than att is making me pay,general_inquiry,False,general_inquiry,False,billing_issue,False,"{'groundedness': 3, 'helpfulness': 2, 'tone': 4, 'actionability': 4, 'safety': 5, 'overall': 3, 'rationale': ""The agent's reply is polite and provides a clear next step (DM account number), but it does not address the customer's specific request to pay off their phone and guarantee a cheaper plan than AT&T. The response treats the issue as a generic billing inquiry rather than a competitive retention request, limiting helpfulness. No safety concerns or PII leakage.""}",general_inquiry,False,"{'groundedness': 3, 'helpfulness': 2, 'tone': 4, 'actionability': 4, 'safety': 5, 'overall': 3.0, 'rationale': ""The reply uses a standard template to move the conversation to a private DM, which is consistent with typical social media support procedures (groundedness). However, it does not acknowledge the customer's specific request about paying off their phone or guaranteeing a cheaper plan than AT&T, making it minimally helpful. The tone is polite and professional. The actionability is clear (send a DM), and there are no safety concerns such as inappropriate promises or PII leakage.""}",We'd be happy to help you explore your options! Please send us a DM with your contact info so we can assist you further. -AL
@sprintcare I paid for a phone @115725 after leaving @115911 - they are charging me monthly but never gave me the phone. So... Work some sprint magic!,billing_issue,False,general_inquiry,False,billing_issue,False,"{'groundedness': 4, 'helpfulness': 3, 'tone': 4, 'actionability': 5, 'safety': 5, 'overall': 4.2, 'rationale': 'The agent correctly identifies the billing issue and provides a clear next step (DM account number), which is standard procedure and safe. However, the response is generic and does not acknowledge the specific details the customer provided (store numbers, phone never received), which reduces helpfulness and groundedness slightly. Tone is professional and actionable.'}",billing_issue,False,"{'groundedness': 3, 'helpfulness': 3, 'tone': 4, 'actionability': 4, 'safety': 5, 'overall': 3.8, 'rationale': ""The reply is polite and provides a clear next step (DM with contact info), but it is a generic template that does not reference the specific stores (115725, 115911) or acknowledge the core issue (monthly charges for an undelivered phone). It shows no groundedness in the customer's detailed complaint, and while it offers to investigate, it lacks proactive reassurance or immediate troubleshooting. No safety concerns or PII leakage.""}",We're sorry to hear about this experience. Please send us a DM with your contact information so we can look into this for you. -Team
@115714 quick ? If I am required to put down 275 for a iPhone X do I still need too if I take advantage of the 350 trade in?,billing_issue,False,general_inquiry,False,service_outage,False,"{'groundedness': 1, 'helpfulness': 1, 'tone': 3, 'actionability': 1, 'safety': 5, 'overall': 2, 'rationale': ""The agent's reply is a generic outage message that does not address the customer's specific question about trade-in credit and down payment requirements. It fails to provide any relevant information, next steps, or acknowledgment of the query. While the tone is polite and the response is safe, it is not grounded in the customer's issue, lacks helpfulness, and offers no actionable guidance.""}",general_inquiry,False,"{'groundedness': 1, 'helpfulness': 1, 'tone': 4, 'actionability': 3, 'safety': 5, 'overall': 2.2, 'rationale': ""The agent does not address the customer's specific question about whether a $350 trade-in credit eliminates the $275 down payment requirement for an iPhone X. Instead, the agent provides a generic response asking the customer to send a direct message for detailed information. While the tone is polite and professional, and the response is safe with no inappropriate promises or PII leakage, it lacks groundedness (no reference to policy or precedent) and helpfulness (does not answer the question). The actionability is limited to directing the customer to DM, which does not resolve the immediate inquiry.""}","Hey there! Thanks for reaching out. For detailed information about trade-in values and down payment requirements, please send us a DM so we can assist you better. -MH"
@sprintcare You tryna throw a free month of service my way ?,general_inquiry,False,general_inquiry,False,general_inquiry,False,"{'groundedness': 3, 'helpfulness': 2, 'tone': 4, 'actionability': 4, 'safety': 5, 'overall': 3.2, 'rationale': ""The agent's reply is polite, safe, and provides a clear action (visit FAQ), but it does not directly answer the customer's specific question about a free month of service, nor does it reference any policy or precedent. This makes the response less helpful and only moderately grounded.""}",general_inquiry,False,"{'groundedness': 5, 'helpfulness': 2, 'tone': 5, 'actionability': 4, 'safety': 5, 'overall': 4.2, 'rationale': ""The reply is grounded in standard support practice (asking for DM to discuss account-specific offers) and maintains a polite, professional tone with a clear next step. However, it lacks helpfulness because it does not address the customer's direct question about a free month—no acknowledgment, policy explanation, or partial answer is given, forcing the customer to take extra effort. Actionability is clear but could be more specific (e.g., what info to include). Safety is fine with no promises or PII leakage. Overall, the response is functional but misses an opportunity to be more immediately helpful.""}",Send us a DM elaborating more on your question. We'll be waiting for you. - CE
@613941 @115714 Couldnt of said it any better,general_inquiry,False,general_inquiry,False,general_inquiry,False,"{'groundedness': 1, 'helpfulness': 1, 'tone': 3, 'actionability': 1, 'safety': 5, 'overall': 1.8, 'rationale': ""The customer is not asking a question but expressing agreement with other users' comments. The agent incorrectly treats this as an inquiry and provides a generic FAQ redirect, which fails to acknowledge the customer's sentiment or engage appropriately. While the tone is polite and there are no safety concerns, the response is not grounded in the actual interaction, unhelpful, and provides an irrelevant action step.""}",general_inquiry,True,"{'groundedness': 1, 'helpfulness': 1, 'tone': 3, 'actionability': 1, 'safety': 4, 'overall': 1.8, 'rationale': ""The customer's message is simply agreement with other users (@613941 @115714) and contains no request, question, or issue requiring assistance. The agent incorrectly treats this as a support request and cites a non-existent system error. This response is not grounded in the actual interaction, fails to address the customer's real intent (which was merely expressive), offers no actionable guidance, and creates confusion. Tone is polite but contextually inappropriate. No safety concerns beyond the misleading error claim.""}","I am sorry, but I am unable to assist with this request at the moment due to a system error."
"It’s sad that I spend so much time making sure @115714 doesn’t rip me off. Been a customer for 5 years and if I blink for a second, it costs me hundreds. https://t.co/weRu77Hlb8",billing_issue,False,general_inquiry,False,general_inquiry,False,"{'groundedness': 1, 'helpfulness': 1, 'tone': 2, 'actionability': 1, 'safety': 5, 'overall': 1.5, 'rationale': ""The agent's reply is a generic template that fails to acknowledge the customer's specific frustration about potential overcharges after 5 years of loyalty. It shows no empathy, offers no tailored assistance, and simply redirects to an FAQ link without addressing the core complaint. While the tone is superficially polite, it is dismissive in context. The response is safe but entirely unhelpful and inactionable for the customer's real issue.""}",billing_issue,False,"{'groundedness': 4, 'helpfulness': 4, 'tone': 5, 'actionability': 5, 'safety': 5, 'overall': 4.6, 'rationale': ""The agent's reply is polite, professional, and offers a clear next step (DM) without making promises or leaking PII. It acknowledges the customer's tenure and frustration but does not reference specific policies or precedents, so groundedness is solid but not exceptional. Helpfulness is good but could be improved by gathering more details publicly before moving to DM.""}",We're sorry to hear about your experience after 5 years with us. We'd like to look into this billing concern for you. Please send us a DM so we can assist further. - Team
@115714  11 minutes and no one has answered..... seriously ?!?!?,general_inquiry,False,general_inquiry,False,general_inquiry,False,"{'groundedness': 1, 'helpfulness': 1, 'tone': 2, 'actionability': 1, 'safety': 5, 'overall': 1.5, 'rationale': ""The agent's reply does not address the customer's complaint about a long wait time; it merely redirects to an FAQ without acknowledging the frustration or offering assistance. The response is not grounded in the actual issue, provides minimal help, has a polite but dismissive tone, offers no actionable next step beyond a generic link, and contains no safety concerns.""}",general_inquiry,False,"{'groundedness': 4, 'helpfulness': 3, 'tone': 5, 'actionability': 5, 'safety': 5, 'overall': 4.4, 'rationale': ""The agent's reply is polite and professional, offering a clear next step (DM) without making promises or leaking PII. However, it only generically addresses the wait-time complaint without acknowledging the specific frustration or offering immediate mitigation, which limits helpfulness. Groundedness is acceptable as no facts are invented, though no specific precedent is referenced.""}",I'm sorry to hear about the long wait time. Please send us a DM so we can look into this and assist you further. -LP
@sprintcare The instructions are printed incorrectly and step 3 is completely cut off. I’m assuming it gives instructions on activating the phone?,general_inquiry,False,general_inquiry,False,general_inquiry,False,"{'groundedness': 2, 'helpfulness': 2, 'tone': 5, 'actionability': 3, 'safety': 5, 'overall': 3.4, 'rationale': ""The agent's reply is polite and safe, but it fails to address the customer's specific concern about the printed instructions being cut off at step 3 and whether it relates to phone activation. Instead, the agent provides a generic FAQ link without any tailored guidance, which demonstrates low groundedness (no use of product-specific knowledge) and low helpfulness. The FAQ link offers a clear but generic next step, so actionability is moderate. Overall, the response is professional but insufficient for resolving the customer's issue.""}",general_inquiry,False,"{'groundedness': 5, 'helpfulness': 4, 'tone': 5, 'actionability': 5, 'safety': 5, 'overall': 4.8, 'rationale': 'The agent acknowledges the issue politely and directs the customer to DM for complete activation steps, which is a standard support workflow. The response is grounded, professional, and provides a clear next action without making inappropriate promises or leaking PII. Helpfulness is slightly reduced because the agent could have offered immediate guidance if the steps are known, but requesting a DM is appropriate for personalized assistance.'}",We're sorry to hear the instructions are cut off! Please send us a DM so we can provide you with the complete activation steps and assist you further. - SP
@sprintcare English,general_inquiry,False,general_inquiry,False,general_inquiry,False,"{'groundedness': 3, 'helpfulness': 2, 'tone': 5, 'actionability': 4, 'safety': 5, 'overall': 3.5, 'rationale': ""The customer's message '@sprintcare English' is ambiguous—it appears to be a tag with a language preference rather than a clear question. The agent's reply assumes a question was asked and provides a generic FAQ link, which may not address the customer's actual need (e.g., they might be requesting English-language support). The tone is polite and professional, and the action (visit FAQ) is clear, but the helpfulness is low due to the mismatch. No safety issues or invented facts are present. The 429 error in the reference notes suggests a possible system rate limit, but it does not affect the evaluation of the reply itself.""}",general_inquiry,True,"{'groundedness': 4, 'helpfulness': 3, 'tone': 5, 'actionability': 5, 'safety': 5, 'overall': 4.4, 'rationale': ""The agent's reply is polite, professional, and provides a clear next step (DM). However, it does not acknowledge the customer's explicit mention of 'English,' which could indicate a language preference or a request for English-language support. The response is generic and not grounded in any specific retrieved precedent, but it contains no invented facts or safety issues. The 429 error in the reference notes suggests a system rate limit, but the agent's reply does not reflect awareness of that error.""}",We'd be happy to help! Please send us a DM so we can further assist you. -TT
@115714 is customer service open?,general_inquiry,False,general_inquiry,False,general_inquiry,False,"{'groundedness': 2, 'helpfulness': 2, 'tone': 4, 'actionability': 3, 'safety': 5, 'overall': 3.0, 'rationale': ""The agent's reply is polite and safe but fails to directly answer the customer's question about service hours, instead redirecting to a generic FAQ. This reduces helpfulness and groundedness. The actionability is limited to visiting FAQ, which may not resolve the immediate query.""}",general_inquiry,False,"{'groundedness': 2, 'helpfulness': 2, 'tone': 5, 'actionability': 3, 'safety': 5, 'overall': 2.8, 'rationale': ""The agent's reply is polite and professional in tone, but it does not address the customer's specific question about whether customer service is open. Instead, it provides a generic request to send a direct message, which does not convey any information about service hours or availability. This lack of direct answer reduces helpfulness and groundedness. The actionability is moderate because it suggests a next step (DM), but it does not resolve the immediate inquiry. Safety is not a concern as no inappropriate promises or PII are involved.""}",Hello! We'd be happy to assist you. Please send us a DM with your inquiry so we can help you further. -HS
2days? should be more just sayin https://t.co/v3RCTRaK0E,general_inquiry,False,general_inquiry,False,general_inquiry,False,"{'groundedness': 2, 'helpfulness': 1, 'tone': 4, 'actionability': 3, 'safety': 5, 'overall': 2.5, 'rationale': ""The agent's reply is a generic FAQ redirect that does not address the customer's specific complaint about a 2-day timeframe. While polite and safe, it lacks grounding in any retrieved precedent (the reference notes indicate a 429 error preventing retrieval) and offers minimal actionable guidance tailored to the issue. The overall score reflects the low helpfulness and groundedness despite acceptable tone and safety.""}",order_status,True,"{'groundedness': 4, 'helpfulness': 3, 'tone': 5, 'actionability': 5, 'safety': 5, 'overall': 4.0, 'rationale': ""The agent's reply is polite and professional, offering a clear next step (DM for further assistance). However, it does not directly address the customer's specific complaint about a 2-day timeframe, which limits helpfulness. The response is generic and does not reference any retrieved precedent, but it also does not invent facts. Safety is maintained with no inappropriate promises or PII leakage.""}",We'd like to look into this for you. Please send us a DM so we can assist further. - AM https://t.co/rMApsV8PQY
"I just entered to win one of five different phones from @397160 &amp; @115714 https://t.co/QEAQg5SdSJ Enter to win a Galaxy S8, S8+, LG G6, Moto Z2 Force or LG G6!",general_inquiry,False,general_inquiry,False,general_inquiry,False,"{'groundedness': 1, 'helpfulness': 1, 'tone': 3, 'actionability': 2, 'safety': 5, 'overall': 2, 'rationale': ""The agent's reply is a generic canned response that does not address the customer's statement about entering a contest. The customer did not ask a question, so thanking them for a question is inappropriate. The reply lacks grounding in the conversation context and provides no specific assistance. The 429 error in the reference notes suggests a system failure to retrieve relevant information, leading to a fallback response.""}",general_inquiry,True,"{'groundedness': 4, 'helpfulness': 3, 'tone': 5, 'actionability': 4, 'safety': 5, 'overall': 4.2, 'rationale': ""The agent's reply is polite and professional, acknowledging the contest entry and offering further assistance via DM. It does not reference specific contest details (groundedness is adequate but not deep). The customer did not pose a question, so helpfulness is moderate. The tone is excellent, actionability is clear (DM for help), and safety is maintained with no promises or PII leakage. Overall, a solid but generic response.""}","Hey! Thanks for entering the contest. If you have any questions or need assistance, please send us a DM and we'll be happy to help. - CE"
Ok @115714 whatcha got for a #blackfriday deal for me on a #iPhoneX or should I ask @115911 @115913 what #magentadeal they have to offer?,general_inquiry,False,general_inquiry,False,general_inquiry,False,"{'groundedness': 2, 'helpfulness': 1, 'tone': 5, 'actionability': 1, 'safety': 5, 'overall': 2.0, 'rationale': ""The agent's reply is a generic FAQ redirect with a placeholder link ([FAQ_LINK]) that does not address the customer's specific request for a Black Friday deal on an iPhone X. While the tone is polite and professional, the response lacks groundedness in any product or promotion knowledge, offers no actionable information (the link is not functional), and fails to help the customer with their actual inquiry. Safety is not compromised as no inappropriate promises or PII are shared.""}",general_inquiry,False,"{'groundedness': 3, 'helpfulness': 3, 'tone': 5, 'actionability': 5, 'safety': 5, 'overall': 4.2, 'rationale': ""The reply is polite and professional with clear next steps (link and DM offer), but it does not provide specific Black Friday deal details for the iPhone X, only a generic deals link, which limits helpfulness and groundedness in the customer's specific query.""}","Sure! Please check out our current iPhone deals here: https://t.co/deals. For more details or personalized assistance, feel free to send us a DM. - OM"
@sprintcare help!! I need to change the address on my ups shipment.,general_inquiry,False,general_inquiry,False,order_status,False,"{'groundedness': 1, 'helpfulness': 1, 'tone': 3, 'actionability': 2, 'safety': 5, 'overall': 2, 'rationale': ""The agent's reply does not address the customer's request to change the shipping address on a UPS shipment. Instead, it provides a tracking link, which is irrelevant to the address change. The response lacks helpfulness and actionability for the specific issue. Tone is polite but not empathetic. No safety concerns.""}",order_status,False,"{'groundedness': 4, 'helpfulness': 3, 'tone': 5, 'actionability': 5, 'safety': 5, 'overall': 4.4, 'rationale': ""The agent's reply is grounded in standard support practice (moving to DM for account-specific changes) and maintains a polite, professional tone. It provides a clear actionable next step (send a DM) and avoids any safety issues. However, helpfulness is slightly limited because the agent does not ask for any identifying information (e.g., tracking number) upfront or set expectations about what the DM process entails, which could expedite resolution.""}",Please send us a DM so we can further assist you with changing the address on your UPS shipment. -SC
@sprintcare Ok,general_inquiry,False,general_inquiry,False,general_inquiry,False,"{'groundedness': 2, 'helpfulness': 1, 'tone': 4, 'actionability': 3, 'safety': 5, 'overall': 2.5, 'rationale': ""The agent's reply is a generic canned response that does not address the customer's brief 'Ok' acknowledgment. It incorrectly assumes a question was asked ('Thanks for your question!') and directs to an FAQ without context. The reference notes indicate a system error (429 Too Many Requests) which may have prevented retrieval of relevant precedent, leading to a non-grounded response. Tone is polite and professional, and the FAQ link provides a generic next step, but the response lacks helpfulness and groundedness. No safety concerns.""}",general_inquiry,True,"{'groundedness': 3, 'helpfulness': 3, 'tone': 4, 'actionability': 4, 'safety': 5, 'overall': 3.8, 'rationale': ""The agent's reply is a standard, polite request to move the conversation to a direct message. It does not reference any specific account details or prior context (the customer simply said 'Ok'), so groundedness is moderate. Helpfulness is limited because the response may not address the customer's immediate acknowledgment. Tone is professional and courteous. Actionability is clear: the customer is instructed to send a DM. Safety is high with no inappropriate promises or PII exposure. Overall, the reply is functional but could be more personalized.""}",Please send us a DM to further assist you. -AI
"@sprintcare Got off the phone not too long ago. They agreed to reduce the bill to around $140, but it's still confusing as to how/why it was so high.",general_inquiry,False,general_inquiry,False,billing_issue,False,"{'groundedness': 2, 'helpfulness': 2, 'tone': 4, 'actionability': 4, 'safety': 5, 'overall': 3.0, 'rationale': ""The agent's reply is generic and does not acknowledge the customer's specific context: they already spoke with a representative who agreed to reduce the bill to around $140, and the customer is confused about why the bill was so high. While the tone is polite and the request for an account number via DM is a clear, safe next step, the response lacks groundedness in the conversation history and does not directly address the customer's expressed confusion, making it only minimally helpful.""}",billing_issue,False,"{'groundedness': 5, 'helpfulness': 4, 'tone': 5, 'actionability': 5, 'safety': 5, 'overall': 4.8, 'rationale': ""The agent's reply accurately reflects the customer's situation (groundedness 5), maintains a polite and professional tone (tone 5), provides a clear next step by asking for a DM to review details (actionability 5), and avoids any safety issues (safety 5). Helpfulness is rated 4 because while the agent acknowledges the confusion and offers to investigate, the customer may have hoped for an immediate explanation; however, moving to a private channel is standard practice for account-specific billing details. Overall score is 4.8, reflecting a strong, appropriate response.""}","I understand the confusion, and I'm glad to hear a reduction was agreed upon. To review the details and ensure everything is correct, please send us a DM so we can take a closer look. - [Agent Initials]"
@115714 me has decepcionado.... 💔,general_inquiry,False,general_inquiry,False,general_inquiry,False,"{'groundedness': 2, 'helpfulness': 1, 'tone': 2, 'actionability': 2, 'safety': 5, 'overall': 2.0, 'rationale': ""The agent's reply is a generic, canned response that does not acknowledge the customer's expressed disappointment. It fails to address the emotional content or the specific issue, merely directing the user to an FAQ link. While the tone is polite, it lacks empathy and appropriateness for the situation. The reply is safe (no PII or false promises) but provides little actionable guidance for the customer's actual concern. The 429 error noted in the reference may have hindered the agent's ability to retrieve a more tailored response.""}",general_inquiry,True,"{'groundedness': 5, 'helpfulness': 4, 'tone': 5, 'actionability': 5, 'safety': 5, 'overall': 4.8, 'rationale': ""The agent's reply is a standard empathetic apology and a clear request for a direct message to gather details. It contains no invented facts (groundedness 5), addresses the customer's disappointment by offering assistance (helpfulness 4), uses a polite and caring tone with appropriate emoji (tone 5), provides a concrete next step (actionability 5), and makes no unsafe promises or leaks (safety 5). The overall score reflects a strong, professional response that could be slightly more proactive but is highly effective.""}",¡Lo sentimos mucho! 😔 ¿Podrías enviarnos un DM con más detalles para que podamos ayudarte? - LP
@sprintcare what’s the difference in the 7 and the 8? 👀,general_inquiry,False,general_inquiry,False,general_inquiry,False,"{'groundedness': 2, 'helpfulness': 2, 'tone': 5, 'actionability': 3, 'safety': 5, 'overall': 3.0, 'rationale': ""The agent's reply is polite and safe, but it fails to directly answer the customer's question about the difference between the 7 and the 8. Instead, it redirects to a generic FAQ link without providing any specific information, which limits helpfulness and groundedness. The actionability is moderate because the link may lead to the answer, but the customer must do extra work. Overall, the response is adequate in tone and safety but lacks substance.""}",general_inquiry,False,"{'groundedness': 4, 'helpfulness': 2, 'tone': 5, 'actionability': 5, 'safety': 5, 'overall': 3.5, 'rationale': ""The agent's reply is polite and professional, and provides a clear next step (DM). However, it does not directly answer the customer's question about the differences between iPhone 7 and 8, which reduces helpfulness. The response is safe and does not invent facts, but lacks specific information, so groundedness is moderate. Overall, the reply is decent but could be more helpful by providing a brief summary publicly.""}",Great question! We'd be happy to walk you through the differences between the iPhone 7 and iPhone 8. Please send us a DM so we can discuss the details and any current deals. - RR
"Like I literally washed my hair, made dinner, and fed my dog while on the phone with @115714!",general_inquiry,False,general_inquiry,False,general_inquiry,False,"{'groundedness': 1, 'helpfulness': 1, 'tone': 2, 'actionability': 1, 'safety': 5, 'overall': 2, 'rationale': ""The agent's reply is a generic FAQ redirect that does not acknowledge the customer's frustration or the specific context of a long phone call. It lacks grounding in any retrieved precedent, fails to address the real issue, offers minimal actionable guidance, and while polite, comes across as dismissive. No safety concerns are present.""}",general_inquiry,True,"{'groundedness': 3, 'helpfulness': 2, 'tone': 4, 'actionability': 3, 'safety': 5, 'overall': 3.0, 'rationale': ""The reply uses a polite, professional tone and provides a clear next step (DM), but it fails to address the customer's core frustration about excessive hold time. Asking the customer to switch channels after a long phone wait adds friction and shows low empathy. No facts are invented, but the response is generic and not grounded in the specific complaint. Safety is maintained with no PII or promises.""}",Our apologies for the inconvenience you've experienced. We'd like to help! Please send us a DM so we can look into this further. -EC
Happened to me too! I couldn’t get to sent a text to either of y 2 lines on the account https://t.co/cJYTQk9Xtv,general_inquiry,False,general_inquiry,False,account_access,False,"{'groundedness': 1, 'helpfulness': 1, 'tone': 4, 'actionability': 1, 'safety': 5, 'overall': 2, 'rationale': 'The agent incorrectly assumes the customer has a login issue when the customer reports inability to send texts to two lines on the account. The reply suggests a password reset, which is irrelevant to the described problem. The tone is polite, but the response lacks groundedness, helpfulness, and actionability. Safety is not compromised.'}",service_outage,False,"{'groundedness': 3, 'helpfulness': 3, 'tone': 5, 'actionability': 5, 'safety': 5, 'overall': 4, 'rationale': ""The reply is polite and provides a clear next step (DM), but it does not address the customer's specific mention of two lines or the shared link, nor does it acknowledge the 429 error from the reference notes. A more helpful response would have asked for details like which lines are affected or referenced the error before moving to a private channel.""}",Hey! I'm sorry to hear you're having trouble sending texts. Please send us a DM so we can look into this further for you. -JR
"@160285 @115714 Seguramente es solo para Estados Unidos, no?",general_inquiry,False,general_inquiry,False,general_inquiry,False,"{'groundedness': 2, 'helpfulness': 2, 'tone': 4, 'actionability': 4, 'safety': 5, 'overall': 3.4, 'rationale': ""The agent's reply is polite and provides a clear action (visit FAQ), but it fails to address the customer's specific question about geographic availability. The response is generic and not grounded in any retrieved precedent or policy, resulting in low helpfulness and groundedness scores. Safety is high as no inappropriate promises or PII are present. Overall, the reply is adequate but lacks specificity.""}",general_inquiry,False,"{'groundedness': 3, 'helpfulness': 2, 'tone': 5, 'actionability': 4, 'safety': 5, 'overall': 3.8, 'rationale': ""The agent's reply is a polite, generic template that does not address the customer's specific question about geographic availability. While the tone is professional and the request to DM provides a clear next step, the response lacks helpfulness because it avoids answering the query. No facts are invented, so groundedness is moderate. Safety is maintained with no inappropriate promises or PII leakage.""}","¡Hola! Gracias por contactarnos. Nos gustaría poder ayudarle con su consulta. Por favor, envíenos un mensaje directo (DM) para que podamos asistirle mejor. - Equipo de Soporte"
@sprintcare Store opened at 10. Still no tech,general_inquiry,False,general_inquiry,False,general_inquiry,False,"{'groundedness': 2, 'helpfulness': 1, 'tone': 3, 'actionability': 2, 'safety': 5, 'overall': 2.2, 'rationale': ""The agent's reply is a generic FAQ referral that does not address the customer's specific complaint about a missing technician at a store that opened at 10 AM. While the tone is polite and the response is safe (no promises or PII), it lacks groundedness in the customer's context, offers little helpfulness, and provides an unactionable next step (visiting an FAQ). The overall score reflects the poor fit for the customer's immediate need.""}",service_outage,False,"{'groundedness': 4, 'helpfulness': 3, 'tone': 5, 'actionability': 5, 'safety': 5, 'overall': 4, 'rationale': ""The agent's reply is polite and provides a clear next step (DM with phone number and call time), which is standard for moving a public complaint to a private channel. However, the response does not acknowledge the specific issue (store opened but no technician available), which reduces helpfulness. Groundedness is reasonable as the approach aligns with typical support protocols, though reference notes were unavailable due to a rate-limit error. No safety concerns or inappropriate promises are present.""}",Please send me a DM providing me with your phone number and a suitable time to call. I eagerly await your response.
@115714 your service is absolute TRASH..,general_inquiry,False,general_inquiry,False,general_inquiry,False,"{'groundedness': 1, 'helpfulness': 1, 'tone': 1, 'actionability': 1, 'safety': 5, 'overall': 1.5, 'rationale': ""The agent's reply is a generic FAQ redirect that completely fails to address the customer's angry complaint about service quality. It treats a venting statement as a question, uses an inappropriately cheerful tone ('Thanks for your question!'), and offers no acknowledgment, empathy, or concrete next steps for resolution. While the response is safe (no PII or false promises), it is unhelpful, ungrounded in the actual issue, and demonstrates poor tone awareness.""}",service_outage,True,"{'groundedness': 5, 'helpfulness': 4, 'tone': 5, 'actionability': 5, 'safety': 5, 'overall': 4.8, 'rationale': 'The agent responds professionally with a standard apology and a clear, actionable next step (DM with ZIP code) to investigate the complaint. The reply is grounded in typical support practices, maintains a polite brand voice, and protects privacy by moving details to a direct message. It could be slightly more helpful by acknowledging the specific frustration or offering immediate empathy, but overall it is a strong, safe, and actionable response.'}",We're sorry to hear about your experience. Please send us a DM with your ZIP code so we can look into this for you. -Support
@sprintcare Lauren was good to work with. Bright spot in this whole experience.,general_inquiry,False,general_inquiry,False,general_inquiry,False,"{'groundedness': 1, 'helpfulness': 1, 'tone': 2, 'actionability': 1, 'safety': 5, 'overall': 1.6, 'rationale': ""The customer provided positive feedback about an agent named Lauren, not a question. The agent's reply incorrectly assumes a question was asked and directs the customer to an FAQ, which is irrelevant and fails to acknowledge the compliment. This shows poor groundedness, helpfulness, and actionability. The tone is polite but inappropriate for the context. No safety issues are present.""}",general_inquiry,True,"{'groundedness': 5, 'helpfulness': 5, 'tone': 5, 'actionability': 5, 'safety': 5, 'overall': 5, 'rationale': ""The agent's reply appropriately acknowledges the customer's positive feedback, thanks them, commits to passing the compliment to Lauren, and ends with a polite closing. It is consistent with the customer's message, addresses the intent, maintains a professional tone, provides a clear action (passing along the compliment), and contains no safety concerns or invented facts.""}",Thank you so much for the kind words! We're thrilled to hear Lauren made your experience a bright spot. We'll be sure to pass along the compliment. Have a great day!
@115714 Fuck sprint!!!,general_inquiry,False,general_inquiry,False,general_inquiry,False,"{'groundedness': 2, 'helpfulness': 1, 'tone': 3, 'actionability': 3, 'safety': 5, 'overall': 2.8, 'rationale': ""The agent's reply is generic and does not address the customer's angry complaint about Sprint. It fails to acknowledge the emotion or specific issue, merely directing to an FAQ link. While the tone is polite and professional, it lacks empathy. The actionability is limited to a generic FAQ visit. No safety concerns or PII leakage. Groundedness is low as the response does not reference any retrieved precedent or context (e.g., the 429 error). Overall, the reply is inadequate for the situation.""}",service_outage,True,"{'groundedness': 3, 'helpfulness': 4, 'tone': 5, 'actionability': 5, 'safety': 5, 'overall': 4.5, 'rationale': 'The agent responds professionally to an angry, profane public mention by acknowledging concern and offering help via DM. Groundedness is moderate (3) as the reply is a standard template without reference to specific policies or precedents. Helpfulness is good (4) — moving the conversation to a private channel is appropriate for de-escalation and detailed troubleshooting, though the customer may desire immediate resolution. Tone is excellent (5): polite, empathetic, and on-brand despite the provocation. Actionability is clear (5): the customer is directed to send a DM with details. Safety is strong (5): no promises, no PII exposure, and no escalation of conflict.'}",We're concerned to see this and we'd like to help! Please send us a DM with the details so we can assist you further. -CS
@sprintcare Hey CP! Thanks for all your help! I️ finally managed to get an iPhone 4 activated. Problem solved. 🙌🏻,general_inquiry,False,general_inquiry,False,general_inquiry,False,"{'groundedness': 1, 'helpfulness': 1, 'tone': 3, 'actionability': 1, 'safety': 5, 'overall': 2.0, 'rationale': ""The customer is thanking the agent and confirming the issue is resolved. The agent's reply is a generic FAQ redirect that does not acknowledge the thanks or the resolution, making it unhelpful and poorly matched to the conversation. While the tone is polite, the response is inappropriate for the context and offers no useful next step.""}",general_inquiry,True,"{'groundedness': 5, 'helpfulness': 5, 'tone': 5, 'actionability': 5, 'safety': 5, 'overall': 5, 'rationale': ""The agent's reply is a warm, professional acknowledgment of the customer's successful resolution. It aligns perfectly with the customer's message (iPhone 4 activated), uses appropriate brand tone, requires no further action, and contains no safety concerns. The reference note about a 429 error appears unrelated to the conversation content and does not affect the quality of the reply.""}",You're welcome! 🎉 We're thrilled to hear your iPhone 4 is up and running. Thanks for letting us know! -MP
@sprintcare trying to cancel my @1124 service has to be done through sprint and is becoming a pain in the ass,general_inquiry,False,general_inquiry,False,general_inquiry,True,"{'groundedness': 2, 'helpfulness': 1, 'tone': 3, 'actionability': 2, 'safety': 5, 'overall': 2.0, 'rationale': ""The agent's reply is a generic FAQ redirect that does not address the customer's specific frustration about canceling service through Sprint. It lacks grounding in the customer's issue, offers minimal helpfulness, and provides only a vague next step. Tone is polite but dismissive. No safety concerns.""}",general_inquiry,True,"{'groundedness': 3, 'helpfulness': 2, 'tone': 5, 'actionability': 5, 'safety': 5, 'overall': 3.5, 'rationale': ""The reply is polite and provides a clear next step (DM), but it does not directly address the customer's frustration about the cancellation process or acknowledge the specific issue. It leans toward retention rather than assisting with cancellation, which limits helpfulness. Groundedness is moderate as the response is generic and not tied to any retrieved precedent. Tone, actionability, and safety are strong.""}",We're sorry to hear you're having a difficult time with this! We'd hate to see you go and would love the chance to help. Please DM us so we can look into this further and see what we can do for you. - Sprint Care
I'm so sick of @115714! I meant to tweet that earlier but didn't have any service 😤,general_inquiry,False,general_inquiry,False,general_inquiry,False,"{'groundedness': 1, 'helpfulness': 1, 'tone': 3, 'actionability': 2, 'safety': 5, 'overall': 2.0, 'rationale': ""The agent's reply is a generic FAQ redirect that does not acknowledge the customer's frustration about service issues (@115714, no service). It fails to address the specific complaint, offers no troubleshooting or escalation, and appears dismissive. While the tone is polite, it lacks empathy. The actionability is low because the FAQ link is unlikely to resolve a service outage. Safety is fine with no PII or inappropriate promises. The reference note about a 429 error suggests possible system overload, but the agent did not communicate this.""}",service_outage,False,"{'groundedness': 3, 'helpfulness': 2, 'tone': 4, 'actionability': 4, 'safety': 5, 'overall': 3.5, 'rationale': ""The agent's reply is polite and provides a clear next step (DM for assistance), but it lacks acknowledgment of the customer's specific frustration about service outage and the mentioned handle @115714. The response is generic and does not demonstrate grounding in the customer's particular issue, reducing helpfulness. No safety concerns or inappropriate promises are present.""}",Hey there! We'd like to look into this for you. Please send us a DM for further assistance. - LM
"I'm getting fed up with Sprint and I am contemplating on going to better business bureau. I am trying to be patient with the company, but it seems the problem is not getting resolved.  #Sprint #angrycustomer",general_inquiry,False,general_inquiry,False,general_inquiry,False,"{'groundedness': 2, 'helpfulness': 1, 'tone': 2, 'actionability': 2, 'safety': 5, 'overall': 1.5, 'rationale': ""The agent's reply is a generic FAQ redirect that fails to acknowledge the customer's frustration or specific complaint about unresolved issues. It does not address the threat to contact the Better Business Bureau, nor does it offer any personalized assistance or escalation path. While the tone is superficially polite, it comes across as dismissive. The only actionable step is visiting a FAQ, which is unlikely to resolve the underlying problem. No safety concerns are present, but the response is largely unhelpful and poorly grounded in the customer's context.""}",general_inquiry,True,"{'groundedness': 3, 'helpfulness': 2, 'tone': 4, 'actionability': 4, 'safety': 5, 'overall': 3.6, 'rationale': ""The reply is polite and safe, and it provides a clear next step (DM for assistance). However, it lacks specificity to the customer's unresolved issue and does not demonstrate grounding in any prior case details, making it only minimally helpful for an angry customer threatening BBB escalation.""}","We're sorry to hear about your frustration. If you have any questions or need assistance, please send us a DM and we'll be happy to help!"
@sprintcare I tried that just now ... no improvement,general_inquiry,False,general_inquiry,False,general_inquiry,False,"{'groundedness': 2, 'helpfulness': 1, 'tone': 3, 'actionability': 2, 'safety': 5, 'overall': 2, 'rationale': ""The agent's reply is a generic FAQ referral that does not acknowledge the customer's specific statement about trying a solution with no improvement. It lacks grounding in the conversation context, offers minimal actionable guidance, and feels dismissive despite polite phrasing. No safety concerns are present.""}",service_outage,False,"{'groundedness': 3, 'helpfulness': 3, 'tone': 5, 'actionability': 5, 'safety': 5, 'overall': 4.2, 'rationale': ""The agent's reply is polite and provides a clear next step (DM), but lacks specificity regarding the customer's issue and does not reference the known error (429). It is safe and professional, but could be more helpful by acknowledging the error or offering immediate troubleshooting.""}",We're sorry to hear that didn't help. We'd like to take a closer look into this for you. Please send us a DM so we can further assist. We're here to help! - KP
"@115714  botched my in person lease payoff, applies it to my account, tells me I'm now past due because of any overpayment, denies my upgrades, tells me they'll have it fixed in 4 hours, then customer service goes offline for system updates. Looks like @115911 dodged a bullet.",general_inquiry,False,general_inquiry,False,account_access,False,"{'groundedness': 1, 'helpfulness': 1, 'tone': 3, 'actionability': 1, 'safety': 5, 'overall': 1.5, 'rationale': ""The agent's reply is completely unrelated to the customer's complaint about a botched lease payoff, past due status, denied upgrades, and system downtime. Instead, the agent addresses a login/password reset issue, which does not match the customer's described problem. This indicates a failure to understand or acknowledge the actual issue, resulting in very low groundedness, helpfulness, and actionability. The tone is polite but irrelevant. No safety concerns are present.""}",billing_issue,False,"{'groundedness': 3, 'helpfulness': 3, 'tone': 4, 'actionability': 4, 'safety': 5, 'overall': 3.8, 'rationale': ""The agent's reply is polite and provides a clear next step (DM), but it lacks specificity to the customer's detailed complaint about lease payoff errors, overpayment issues, denied upgrades, and system downtime. The response is generic and does not demonstrate understanding of the particular situation, which limits groundedness and helpfulness. However, it maintains a professional tone, is safe, and gives an actionable direction.""}",We're sorry to hear about the trouble with your lease payoff and the inconvenience this has caused. Please send us a DM so we can look into this for you and get it resolved. -SH
"@115714 I want some rounds or money off my bill, you choose",general_inquiry,False,general_inquiry,False,billing_issue,False,"{'groundedness': 3, 'helpfulness': 3, 'tone': 5, 'actionability': 5, 'safety': 5, 'overall': 4.2, 'rationale': ""The agent's reply is polite and provides a clear next step (DM account number), but it does not acknowledge the customer's specific request for 'rounds or money off' the bill, nor does it reference any policy or precedent. The response is generic and could be more helpful by addressing the request directly or setting expectations. No safety concerns or inappropriate promises are present.""}",billing_issue,False,"{'groundedness': 3, 'helpfulness': 2, 'tone': 5, 'actionability': 4, 'safety': 5, 'overall': 3, 'rationale': ""The agent replies politely and gives a clear next step (send a DM), but does not acknowledge or address the customer's specific request for compensation (rounds or money off the bill). The response is a generic deflection to a private channel without setting expectations or explaining what assistance can be provided. It is safe and professional, but lacks helpful substance.""}","Hey there! Let's take a look into this, just send us a DM so that we can help you with this. - RR"
@115714 you really need to do something about your network services. They really suck.. #slowservice,general_inquiry,False,general_inquiry,False,general_inquiry,False,"{'groundedness': 2, 'helpfulness': 1, 'tone': 2, 'actionability': 1, 'safety': 5, 'overall': 2.2, 'rationale': ""The agent's reply is a generic FAQ redirect that does not acknowledge the customer's specific complaint about slow network service. It fails to address the issue, offer troubleshooting, or escalate appropriately. While polite and safe, it lacks helpfulness, actionability, and groundedness in the customer's actual problem.""}",service_outage,False,"{'groundedness': 4, 'helpfulness': 3, 'tone': 5, 'actionability': 5, 'safety': 5, 'overall': 4.2, 'rationale': 'The reply is polite and professional, correctly moves the conversation to a private channel (DM) for detailed troubleshooting, and makes no unsafe promises. However, it is a generic acknowledgment that does not address the specific network issue or provide immediate value, so helpfulness is moderate. Groundedness is solid as the response aligns with standard social-media support practice.'}","Hey! This type of comment concerns us. Please, send us a DM with more details on what makes you feel this way. We'll be waiting for you. - CE"
@sprintcare Ok. I went to the sprint store today and there were telling me to come in the store tomorrow to preorder the iPhone X. Do I have to,general_inquiry,False,general_inquiry,False,general_inquiry,False,"{'groundedness': 2, 'helpfulness': 1, 'tone': 5, 'actionability': 3, 'safety': 5, 'overall': 2.2, 'rationale': ""The agent's reply is polite and safe but fails to address the customer's specific question about whether they must visit the store tomorrow to preorder the iPhone X. Instead, it provides a generic FAQ link without any direct answer or context, making it unhelpful. The response lacks grounding in any retrieved precedent (the reference notes indicate a system error), and while it offers a clear next step (visit FAQ), that step does not resolve the immediate inquiry. Overall, the reply is insufficient for the customer's needs.""}",general_inquiry,False,"{'groundedness': 3, 'helpfulness': 2, 'tone': 5, 'actionability': 4, 'safety': 5, 'overall': 3.8, 'rationale': ""The agent's reply is polite and provides a clear next step (DM), but it does not directly answer the customer's question about whether a store visit is required for iPhone X pre-order. The response lacks specific information that could resolve the issue without further interaction, reducing helpfulness. Groundedness is neutral as no precedent was retrieved to verify consistency. Safety and tone are strong.""}",Please send us a DM so we can assist you with your iPhone X pre-order questions. -CW
"@sprintcare ""2-step verification
We’re not able to send a text message to any of the devices on your account. Please visit a Sprint Store near you for assistance..

Find a store"" It literally just texted me to verify my log in from the browser. What a complete joke @115714 @sprintcare is.",general_inquiry,False,general_inquiry,False,account_access,False,"{'groundedness': 2, 'helpfulness': 2, 'tone': 4, 'actionability': 2, 'safety': 5, 'overall': 2.5, 'rationale': ""The agent's reply offers a generic password reset link that does not address the customer's specific 2-step verification issue (receiving a text but then getting an error about inability to send texts to devices). This indicates low groundedness in the actual problem, poor helpfulness, and low actionability. Tone is polite and professional, and there are no safety concerns.""}",account_access,False,"{'groundedness': 5, 'helpfulness': 3, 'tone': 5, 'actionability': 5, 'safety': 5, 'overall': 4.6, 'rationale': ""The agent's reply is polite, professional, and provides a clear next step (DM with contact info). It acknowledges the customer's frustration without making promises or leaking PII. However, it could be more helpful by offering immediate troubleshooting or explaining the 429 error context, rather than only requesting a DM.""}",I'm sorry for the frustration with the 2-step verification texts. That's definitely not the experience we want you to have. Please send us a DM with your contact info so we can look into this for you and help get it resolved. -Team Sprint
Dear @115714 you have by far the worse customer service and also the worse cell phone service. Precisely why while I was at the store I heard other customers complain about the same thing. They also have intentions of looking for another cell phone provider just like myself,general_inquiry,False,general_inquiry,False,general_inquiry,False,"{'groundedness': 1, 'helpfulness': 1, 'tone': 2, 'actionability': 2, 'safety': 5, 'overall': 2.0, 'rationale': ""The agent's reply is a generic FAQ redirect that does not address the customer's specific complaints about service quality or acknowledge their frustration. Groundedness is low because the response lacks any connection to the customer's issue or retrieved knowledge. Helpfulness is minimal as the FAQ link is unlikely to resolve the core problems raised. Tone is polite but tone-deaf to the complaint context. Actionability provides a clear but irrelevant next step. Safety is high with no inappropriate promises or PII leakage. Overall score reflects the poor fit for the customer's needs.""}",general_inquiry,False,"{'groundedness': 4, 'helpfulness': 3, 'tone': 5, 'actionability': 4, 'safety': 5, 'overall': 4.2, 'rationale': ""The agent's reply is polite, professional, and provides a clear next step (DM) for the customer to get personalized assistance. It acknowledges the negative feedback without making promises or leaking PII. However, the response is somewhat generic and does not specifically address the service quality complaints or the mention of other customers, which slightly reduces helpfulness. Overall, it is a safe and appropriate initial response that follows standard support protocols.""}",We're sorry to hear about your experience — this is not the type of feedback we like to receive. Please send us a DM so we can look into your concerns and see how we can help.
@115714 4 full bars and LTE service but tweets and EVERYTHING ELSE  won’t load. 🖕🏽🖕🏽 https://t.co/F2GYRqUKVR,general_inquiry,False,general_inquiry,False,general_inquiry,False,"{'groundedness': 1, 'helpfulness': 1, 'tone': 3, 'actionability': 2, 'safety': 5, 'overall': 2.0, 'rationale': ""The agent's reply is a generic FAQ redirect that fails to address the customer's specific connectivity complaint (full bars but nothing loading). It shows no evidence of using retrieved precedents or troubleshooting steps. While polite and safe, it lacks helpfulness and actionable guidance for the reported issue.""}",service_outage,False,"{'groundedness': 3, 'helpfulness': 4, 'tone': 5, 'actionability': 5, 'safety': 5, 'overall': 4.4, 'rationale': 'The agent responds professionally and empathetically to a frustrated customer, providing a clear next step (DM for investigation). However, the reply is generic and lacks any technical acknowledgment of the specific symptom (full bars but no data throughput) or immediate troubleshooting suggestions, which limits groundedness and helpfulness. No safety concerns or inappropriate promises are present.'}",Hey! We're sorry to hear you're experiencing issues with your service despite having full bars. Please send us a DM so we can investigate this further and get you the help you need. -JA
Wow @115714 is actually garbage,general_inquiry,False,general_inquiry,False,general_inquiry,False,"{'groundedness': 1, 'helpfulness': 1, 'tone': 3, 'actionability': 2, 'safety': 5, 'overall': 2.0, 'rationale': ""The agent's reply is a generic FAQ referral that does not acknowledge the customer's specific complaint about product/order 115714. It shows no evidence of using retrieved precedent (groundedness low), fails to address the real issue (helpfulness low), uses a polite but dismissive tone, provides a vague next step (FAQ link), but contains no safety violations.""}",general_inquiry,True,"{'groundedness': 4, 'helpfulness': 4, 'tone': 5, 'actionability': 5, 'safety': 5, 'overall': 4.6, 'rationale': 'The agent responds with a polite, empathetic apology and asks for clarification, which is appropriate for a vague complaint. The request to DM provides a clear, actionable next step without making promises or leaking PII. The reply is generic but consistent with standard customer service practices and does not invent facts.'}",We're sorry to hear you feel this way! What makes you say that? Please send us a DM so we can look into your concerns. - SP
@115714 @sprintcare @116447 https://t.co/94YBxLsyf8,general_inquiry,False,general_inquiry,False,general_inquiry,False,"{'groundedness': 1, 'helpfulness': 1, 'tone': 4, 'actionability': 2, 'safety': 5, 'overall': 2, 'rationale': ""The agent's reply is a generic FAQ redirect that does not address the customer's specific message (which includes mentions and a link). The reference notes indicate a 429 error (Too Many Requests), suggesting the agent could not retrieve relevant context. Groundedness and helpfulness are very low because the response ignores the actual content. Tone is polite and professional. Actionability is limited because the FAQ link is a placeholder and not a concrete next step. Safety is fine with no inappropriate promises or PII leakage. Overall score reflects the poor relevance and utility of the reply.""}",general_inquiry,True,"{'groundedness': 5, 'helpfulness': 4, 'tone': 5, 'actionability': 5, 'safety': 5, 'overall': 4.8, 'rationale': ""The agent's reply is grounded in standard support practice, politely acknowledges the customer, and provides a clear, safe next step (DM contact number). It addresses the customer's outreach but could be slightly more helpful by referencing the specific link or issue mentioned. Tone is professional and brand-appropriate. No safety concerns.""}",Hi there! Thanks for reaching out. Team @116447 is here to help! Please DM us your contact number so we can assist you further. - L.D.
@sprintcare @116447 Is this an auto reply? My issues are too serious to address with your standard customer service team,general_inquiry,False,general_inquiry,False,general_inquiry,False,"{'groundedness': 1, 'helpfulness': 1, 'tone': 2, 'actionability': 2, 'safety': 5, 'overall': 2.0, 'rationale': ""The agent's reply is a generic auto-response that fails to acknowledge the customer's explicit statement about serious issues and their question about whether the reply is automated. It provides no escalation path, no empathy, and simply redirects to an FAQ, which is inappropriate for a customer signaling high-severity concerns. The tone is polite but dismissive. The action suggested (visit FAQ) is clear but not actionable for the customer's actual need. No safety issues detected.""}",general_inquiry,False,"{'groundedness': 3, 'helpfulness': 2, 'tone': 4, 'actionability': 4, 'safety': 5, 'overall': 3.2, 'rationale': ""The agent's reply is polite and provides a clear next step (DM contact info), but it fails to address the customer's explicit concern that their issues are too serious for standard support. The response is generic and does not acknowledge the need for escalation or specialized handling, reducing helpfulness. No factual inaccuracies or safety issues are present.""}",@116447 Our team will be more than happy to assist you with addressing your account concerns. Please DM your contact information.
I really hate @115714,general_inquiry,False,general_inquiry,False,general_inquiry,False,"{'groundedness': 2, 'helpfulness': 1, 'tone': 3, 'actionability': 2, 'safety': 5, 'overall': 2.2, 'rationale': ""The agent's reply is a generic FAQ redirect that does not acknowledge the customer's expressed frustration toward @115714. It treats the statement as a question, showing low groundedness in the actual conversation context. Helpfulness is minimal because the core issue (complaint about a specific user/entity) is unaddressed. Tone is polite but lacks empathy, making it feel tone-deaf. Actionability is present (visit FAQ) but irrelevant to the complaint. Safety is fine with no inappropriate promises or PII leakage. Overall, the response fails to engage with the customer's real concern.""}",general_inquiry,True,"{'groundedness': 4, 'helpfulness': 3, 'tone': 5, 'actionability': 5, 'safety': 5, 'overall': 4.4, 'rationale': 'The agent responds empathetically and provides a clear next step (DM for details). However, the reply is generic and does not acknowledge the specific handle @115714, which may limit helpfulness. No safety issues. Tone is professional.'}",Hey! I'm sorry to hear you're feeling this way. Could you send us a DM with more details about what's happening? We'd love to help. - Support Team
2 factor authentication to upgrade a phone I administer the account dont use a phone on the account=denied upgrade @115714 @sprintcare usuck,general_inquiry,False,general_inquiry,False,account_access,False,"{'groundedness': 1, 'helpfulness': 1, 'tone': 2, 'actionability': 1, 'safety': 5, 'overall': 1.0, 'rationale': ""The agent's reply completely misses the customer's issue. The customer cannot complete 2-factor authentication for a phone upgrade because they don't have access to a phone on the account. The agent incorrectly assumes a login/password problem and provides a password reset link, which does not address the 2FA barrier or the upgrade request. The tone is polite but generic, and the suggested action is irrelevant. No safety concerns.""}",account_access,False,"{'groundedness': 2, 'helpfulness': 2, 'tone': 4, 'actionability': 3, 'safety': 5, 'overall': 2.5, 'rationale': ""The agent's reply is polite and safe, but it lacks grounding in the specific issue (2FA without a phone on the account) and offers only a generic 'DM us' action without acknowledging the customer's unique constraint. This makes it minimally helpful and only moderately actionable.""}",We understand the frustration with 2-factor authentication when trying to upgrade. Please send us a DM so we can help resolve this account access issue for you. - Support Team
@sprintcare Everywhere and everything. Could never search the web on the phone since being a customer and pay for unlimited everything,general_inquiry,False,general_inquiry,False,billing_issue,False,"{'groundedness': 1, 'helpfulness': 1, 'tone': 4, 'actionability': 3, 'safety': 5, 'overall': 2.0, 'rationale': ""The agent incorrectly frames the customer's service quality complaint (inability to search the web) as a billing issue, showing low groundedness and helpfulness. The tone is polite and professional, and the request to DM an account number provides a clear next step, though it may not address the root problem. No safety concerns are present.""}",service_outage,False,"{'groundedness': 3, 'helpfulness': 2, 'tone': 4, 'actionability': 4, 'safety': 5, 'overall': 3.5, 'rationale': ""The agent's reply is polite and provides a clear next step (DM for coverage review), but it does not directly address the customer's specific complaint about being unable to search the web despite paying for unlimited data. The response is generic and lacks troubleshooting guidance or acknowledgment of the exact issue, reducing helpfulness. Groundedness is moderate as the reply follows standard support protocol but does not reference any specific knowledge. Safety is high with no inappropriate promises or PII leakage.""}","We'd like to review your coverage area. Please send us a DM, so that we can further assist you. -BC"
"@745746 I would like to apologize for the delay. What seems to be the issue? Please send us a Direct Message, so that we can further assist you. -JD",general_inquiry,False,general_inquiry,False,general_inquiry,False,"{'groundedness': 1, 'helpfulness': 1, 'tone': 5, 'actionability': 2, 'safety': 5, 'overall': 2, 'rationale': ""The agent's reply is a generic FAQ redirect that does not address the customer's specific request to discuss an issue via direct message. While polite and safe, it fails to be helpful or grounded in the customer's context.""}",general_inquiry,True,"{'groundedness': 4, 'helpfulness': 1, 'tone': 4, 'actionability': 1, 'safety': 5, 'overall': 2.2, 'rationale': ""The agent's reply acknowledges a system error (429 Too Many Requests), which aligns with the reference notes, so groundedness is decent. However, the reply fails to address the customer's request to continue via Direct Message, offering no alternative or next step, making it unhelpful and lacking actionability. The tone is polite and professional. No safety concerns. Overall score reflects the poor resolution of the customer's need.""}","I am sorry, but I am unable to assist with this request at the moment due to a system error."
ughhhhh @115714 needs to stop playing games and send me a magic box... I'm legit irritated I NEVER HAVE SERVICE!!,general_inquiry,False,general_inquiry,False,general_inquiry,False,"{'groundedness': 1, 'helpfulness': 1, 'tone': 2, 'actionability': 2, 'safety': 5, 'overall': 2.2, 'rationale': ""The agent's reply is a generic FAQ redirect that does not address the customer's specific complaint about service outage and a 'magic box' (likely a device replacement). It lacks empathy, fails to acknowledge the frustration, and offers no concrete troubleshooting or escalation path. While the tone is superficially polite and the response is safe, it is neither grounded in the customer's context nor helpful in resolving the issue. The actionability is minimal (just a link), and the overall experience is poor.""}",service_outage,False,"{'groundedness': 2, 'helpfulness': 2, 'tone': 4, 'actionability': 4, 'safety': 5, 'overall': 3, 'rationale': ""The reply is polite and offers a clear next step (DM for assistance), but it fails to address the customer's specific complaints about service issues and a 'magic box.' It shows no evidence of referencing relevant precedents or account details, making it feel generic and only minimally helpful.""}","Hi there! This is really concerning, allow us the opportunity to help you. Please DM us to further assist you. -LR. https://t.co/rMApsV8PQY"
@sprintcare I am trying to reach sprint exec services and am getting a message saying “this number is no longer in service”. Please advise.,general_inquiry,False,general_inquiry,False,general_inquiry,False,"{'groundedness': 2, 'helpfulness': 1, 'tone': 3, 'actionability': 2, 'safety': 5, 'overall': 2.2, 'rationale': ""The agent's reply is a generic FAQ referral that does not address the customer's specific issue about the Sprint executive services phone number being out of service. While the tone is polite and no safety concerns exist, the response lacks grounding in relevant knowledge, provides minimal actionable guidance, and fails to help resolve the customer's immediate problem.""}",general_inquiry,False,"{'groundedness': 2, 'helpfulness': 2, 'tone': 5, 'actionability': 4, 'safety': 5, 'overall': 3.6, 'rationale': ""The agent's reply is polite and provides a clear next step (DM), but it does not address the customer's specific issue about the executive services number being out of service. No precedent was retrieved (reference notes show a 429 error), so the response lacks groundedness and direct helpfulness. However, it maintains a professional tone, is actionable, and poses no safety concerns.""}",We'd be happy to help with that. Please send us a DM so we can assist you further.
The biggest inconvenience is to go into @115714 to use the bill pay kiosk since theres a wait for a representative and ITS ALWAYS BROKEN.,general_inquiry,False,general_inquiry,False,billing_issue,False,"{'groundedness': 2, 'helpfulness': 2, 'tone': 4, 'actionability': 3, 'safety': 5, 'overall': 3, 'rationale': ""The agent's reply is polite and provides a clear next step (DM account number), but it fails to address the customer's specific complaint about the broken bill pay kiosk at location @115714. The response is generic and does not acknowledge the reported issue, nor does it offer any information about kiosk maintenance or alternative payment options. While safe and professional, it lacks groundedness in the customer's actual problem and is only minimally helpful.""}",service_outage,False,"{'groundedness': 3, 'helpfulness': 3, 'tone': 5, 'actionability': 5, 'safety': 5, 'overall': 3.5, 'rationale': ""The agent's reply is polite and provides a clear next step (DM), but it does not address the specific complaint about the kiosk being broken or offer any immediate resolution. No facts are invented, but the response lacks grounding in any retrieved precedent (the reference notes indicate a system error). The tone is professional and safe, yet the helpfulness is limited because the customer's core issue (kiosk reliability) is not acknowledged beyond a generic apology.""}",We're sorry to hear about the inconvenience with the bill pay kiosk. Please send us a DM so we can assist you further.
@115714 LTE  in Frederick is some doo doo. I’m switching ASAP.,general_inquiry,False,general_inquiry,False,general_inquiry,False,"{'groundedness': 2, 'helpfulness': 1, 'tone': 3, 'actionability': 2, 'safety': 5, 'overall': 2.0, 'rationale': ""The agent's reply is a generic FAQ redirect that fails to acknowledge the customer's specific complaint about LTE service in Frederick or their intent to switch providers. Groundedness is low because the response does not engage with the actual issue. Helpfulness is minimal as it offers no troubleshooting, empathy, or retention effort. Tone is polite but tone-deaf to the customer's frustration. Actionability is poor because the FAQ link is unlikely to resolve the network quality concern. Safety is high as no inappropriate promises or PII are involved. Overall, the reply is inadequate for a customer expressing clear dissatisfaction and churn risk.""}",service_outage,False,"{'groundedness': 2, 'helpfulness': 2, 'tone': 4, 'actionability': 3, 'safety': 5, 'overall': 3, 'rationale': ""The agent's reply is a generic template that does not acknowledge the specific complaint about LTE quality in Frederick, nor does it offer any immediate troubleshooting, empathy, or assurance. It simply redirects to DM without addressing the customer's frustration or providing any value in the public response. Tone is polite and professional, and the reply is safe with no inappropriate promises or PII leakage. Actionability is limited to a private message request. Overall, the response feels dismissive of the real issue.""}",Hey there! Thanks for reaching out. We'd like to look into this for you. Please send us a DM so we can assist further. - JD
@38940 @115714 !!!!!,general_inquiry,False,general_inquiry,False,general_inquiry,False,"{'error': 'parse_failed', 'intent': 'general_inquiry', 'confidence': 0.0, 'rationale': 'Parsing failed', 'should_escalate': False, 'reason': 'Parsing failed', 'reply': 'I am sorry, but I am unable to assist with this request at the moment due to a system error.'}",general_inquiry,True,"{'groundedness': 3, 'helpfulness': 3, 'tone': 4, 'actionability': 5, 'safety': 5, 'overall': 4.0, 'rationale': ""The agent's reply is polite and provides a clear next step (send a DM), but it does not acknowledge the customer's apparent urgency (multiple exclamation marks) or reference the 429 error indicated in the reference notes. The response follows a standard template without tailoring to the specific context, which limits groundedness and helpfulness. No safety concerns or PII leakage are present.""}",We'd really like to look into this for you. Please send us a DM to facilitate this. -Resolution Sup KS
@sprintcare literally everything.,general_inquiry,False,general_inquiry,False,general_inquiry,False,"{'groundedness': 3, 'helpfulness': 2, 'tone': 5, 'actionability': 4, 'safety': 5, 'overall': 3.8, 'rationale': ""The agent's reply is polite and provides a clear action (visit FAQ), but fails to address the customer's vague statement 'literally everything' with any clarification or specific assistance. The response is generic and not grounded in any specific precedent, though it contains no false information. It is safe and professional.""}",service_outage,True,"{'groundedness': 4, 'helpfulness': 3, 'tone': 4, 'actionability': 5, 'safety': 5, 'overall': 4.2, 'rationale': ""The agent's reply is professional and provides a clear next step (DM for further assistance), but it lacks empathy for the customer's apparent frustration ('literally everything'). The request for specificity is standard procedure, yet a more acknowledging tone could improve helpfulness. No safety concerns or invented facts are present. The reference notes indicate a 429 error retrieving precedent, so groundedness is assessed based on general best practices rather than specific retrieved content.""}",We will need you to be more specific so we can render the best resolution to your issues. Send us a DM to continue to assist you. -AI
@211596 @115714 talk to text* sheeeshhh you know whAt I meant lolol😳,general_inquiry,False,general_inquiry,False,general_inquiry,False,"{'groundedness': 2, 'helpfulness': 1, 'tone': 4, 'actionability': 3, 'safety': 5, 'overall': 2.2, 'rationale': ""The agent's reply is a generic FAQ redirect that does not address the customer's unclear, informal message (which appears to contain typos and possibly voice-to-text errors). Groundedness is low because the response is not tied to any specific precedent or the customer's actual intent. Helpfulness is minimal as the FAQ link is unlikely to resolve the ambiguous query. Tone is polite and professional. Actionability is moderate because a link is provided, but it lacks specificity. Safety is high with no inappropriate promises or PII leakage. Overall, the reply is inadequate for the customer's needs.""}",general_inquiry,True,"{'groundedness': 4, 'helpfulness': 4, 'tone': 5, 'actionability': 4, 'safety': 5, 'overall': 4.4, 'rationale': ""The agent's reply is a friendly, generic greeting that acknowledges the customer's casual tone without making any factual claims. Since no specific precedent was retrieved (reference notes returned a 429 error), groundedness is assessed based on the absence of invented facts. The response is helpful by inviting the customer to clarify their needs via DM, maintains a polite and professional brand voice with appropriate emoji use, provides a clear next step (DM for assistance), and contains no safety concerns such as promises or PII leakage.""}","Hello! 😊 No worries, happens to the best of us! How can we help you today? If you have any questions or need assistance, feel free to DM us. -VS"
@sprintcare Sent a dm,general_inquiry,False,general_inquiry,False,general_inquiry,False,"{'groundedness': 3, 'helpfulness': 2, 'tone': 4, 'actionability': 4, 'safety': 5, 'overall': 3.5, 'rationale': ""The agent's reply is polite and provides a clear action (visit FAQ), but it fails to acknowledge the customer's specific mention of sending a DM or address their underlying issue. The response is generic and not grounded in any retrieved precedent, though it contains no factual errors or safety concerns. Overall, it meets basic professional standards but lacks personalized helpfulness.""}",general_inquiry,True,"{'groundedness': 2, 'helpfulness': 3, 'tone': 5, 'actionability': 4, 'safety': 5, 'overall': 3.5, 'rationale': ""The agent's reply is polite and provides a clear next step (DM again), but it fails to acknowledge the 429 rate-limit error indicated in the reference notes. This omission reduces groundedness and helpfulness, as the customer is not informed why their initial DM may not have been received. The tone is professional, the action is clear, and there are no safety concerns.""}",@customer Please try to DM me again so I can assist you further. -MB
@sprintcare I didn't request it to be unlocked. Is this just a standard thing?,general_inquiry,False,general_inquiry,False,account_access,False,"{'groundedness': 1, 'helpfulness': 1, 'tone': 3, 'actionability': 1, 'safety': 5, 'overall': 1.5, 'rationale': ""The agent's reply does not address the customer's question about an unlock request; instead it offers a password reset link for a login issue that was not mentioned. This shows a lack of groundedness and helpfulness. The tone is polite but irrelevant, and the suggested action is not applicable. No safety concerns are present.""}",account_access,False,"{'groundedness': 5, 'helpfulness': 4, 'tone': 5, 'actionability': 5, 'safety': 5, 'overall': 4.8, 'rationale': ""The agent's reply is a standard, professional response that offers to investigate the customer's concern by requesting a direct message to access account details. It is consistent with typical support practices (groundedness), addresses the customer's question by proposing a concrete next step (helpfulness, actionability), maintains a polite brand voice (tone), and makes no unsafe promises or disclosures (safety). The reference note about a 429 error appears to be internal system context and does not detract from the quality of the agent's response.""}",I'd be happy to look into this for you. Please send us a DM so we can check your account details and see what's going on. - SP
"@sprintcare plz respond fast. When people try calling me, they get a busy signal. But i can make phone calls. Can u reset it??",general_inquiry,False,general_inquiry,False,general_inquiry,False,"{'groundedness': 1, 'helpfulness': 1, 'tone': 3, 'actionability': 2, 'safety': 5, 'overall': 2.0, 'rationale': ""The agent's reply is a generic FAQ redirect that does not address the customer's specific technical issue (incoming calls receive busy signal while outgoing works). It fails to troubleshoot, ask clarifying questions, or offer the requested reset. The tone is polite but lacks urgency or empathy. The reference notes show a 429 error (Too Many Requests) which may have limited the agent's ability to respond properly, but the reply as given is not grounded in the customer's problem, provides minimal actionable guidance, and is overall unhelpful.""}",service_outage,False,"{'error': 'parse_failed', 'intent': 'general_inquiry', 'confidence': 0.0, 'rationale': 'Parsing failed', 'should_escalate': False, 'reason': 'Parsing failed', 'reply': 'I am sorry, but I am unable to assist with this request at the moment due to a system error.'}",Thank you for reaching out to us. Can you send us a DM so we can help you out? -OA
Got the new iPhone but why don’t I have service @115714 ... damn anymore problems sprint?,general_inquiry,False,general_inquiry,False,general_inquiry,False,"{'groundedness': 2, 'helpfulness': 1, 'tone': 4, 'actionability': 2, 'safety': 5, 'overall': 2.2, 'rationale': ""The agent's reply is a generic FAQ redirect that does not address the customer's specific issue (new iPhone, no service, Sprint mention). While polite and safe, it lacks groundedness in the customer's context, provides minimal actionable guidance, and is largely unhelpful for resolving the reported problem.""}",service_outage,False,"{'groundedness': 5, 'helpfulness': 5, 'tone': 5, 'actionability': 5, 'safety': 5, 'overall': 5, 'rationale': ""The agent's reply is consistent with standard support procedures (groundedness), directly addresses the customer's service issue by requesting necessary location details (helpfulness), uses a polite and professional tone (tone), provides a clear next step—sending a DM with zip code and cross streets (actionability), and does not make inappropriate promises or leak PII (safety). Overall, the response is excellent across all dimensions.""}",Hey there! Please send us a DM with your zip code and nearest cross streets so we can look into the service issue with your new iPhone. -MM
Thanks for the reminder #tmobile but i’m switching from #sprint to #verizonwireless #HR4HR #bettercoverage #sfbayarea,general_inquiry,False,general_inquiry,False,general_inquiry,False,"{'groundedness': 1, 'helpfulness': 1, 'tone': 2, 'actionability': 1, 'safety': 5, 'overall': 1.5, 'rationale': ""The agent replied with a generic FAQ template to a customer publicly announcing they're switching from Sprint to Verizon, showing no understanding of the context or customer intent. The response is irrelevant to the churn signal and fails to address the situation appropriately.""}",general_inquiry,False,"{'groundedness': 5, 'helpfulness': 5, 'tone': 5, 'actionability': 5, 'safety': 5, 'overall': 5, 'rationale': ""The agent's reply is a standard, professional retention response that acknowledges the customer's decision to switch, expresses a desire to keep them, and provides a clear next step (DM for account review) without making inappropriate promises or leaking PII. It is consistent with typical customer service precedents, addresses the customer's real issue, maintains a polite brand voice, and is fully actionable and safe.""}",We're sorry to hear you're planning to switch! We'd love the chance to change your mind and keep you with us. Please send us a DM so we can review your account and see how we can help. - Team
"@489062 Unfortunately, still waiting for my @115714 phone to arrive, but I️ was concerned about this happening to people on a weight-loss journey",general_inquiry,False,general_inquiry,False,general_inquiry,False,"{'error': 'parse_failed', 'intent': 'general_inquiry', 'confidence': 0.0, 'rationale': 'Parsing failed', 'should_escalate': False, 'reason': 'Parsing failed', 'reply': 'I am sorry, but I am unable to assist with this request at the moment due to a system error.'}",order_status,False,"{'groundedness': 4, 'helpfulness': 2, 'tone': 5, 'actionability': 5, 'safety': 5, 'overall': 3.5, 'rationale': ""The agent's reply is polite, professional, and provides a clear next step (DM @sprintcare). However, it only addresses the phone delivery delay and completely ignores the customer's expressed concern about 'people on a weight-loss journey,' which appears to be the core issue. This makes the response only partially helpful. No facts are invented, and there are no safety concerns.""}",We're sorry to hear about the delay with your phone delivery. Please follow us @sprintcare and send us a Direct Message so we can look into this for you. - AW
"Not awesome. Raised a 4 year taxing concern w/ @115714 three wks ago. Still no update. Contacted them today and was told ""in progress""...ugh",general_inquiry,False,general_inquiry,False,general_inquiry,False,"{'groundedness': 1, 'helpfulness': 1, 'tone': 2, 'actionability': 1, 'safety': 5, 'overall': 1.5, 'rationale': ""The agent's reply is a generic FAQ redirect that does not address the customer's specific complaint about a 4-year tax concern pending for three weeks. It lacks grounding in any case-specific information, offers no actionable next steps (e.g., escalation, timeline, or direct contact), and the polite but dismissive tone fails to acknowledge the customer's frustration. However, the reply contains no safety violations such as false promises or PII leakage.""}",billing_issue,False,"{'groundedness': 3, 'helpfulness': 3, 'tone': 5, 'actionability': 3, 'safety': 5, 'overall': 3.8, 'rationale': ""The agent acknowledges the customer's frustration politely (tone: 5) and avoids unsafe promises or PII (safety: 5). However, the reply lacks grounding in any specific case details or precedent (groundedness: 3), merely offering to investigate if the customer follows and DMs. This shifts the burden to the customer rather than proactively addressing the 3-week delay (helpfulness: 3). The next step is clear but requires extra effort from the customer (actionability: 3). Overall, the response is professional but could be more helpful by immediately escalating or providing a case reference.""}",We're sorry to hear about the frustration with your tax concern and the lack of updates. We'd like to look into this for you. Please follow us and send us a DM so we can review your account and help resolve this. -Team
@115714 No. Sprint has terrible non-English speaking customer service.,general_inquiry,False,general_inquiry,False,general_inquiry,False,"{'groundedness': 2, 'helpfulness': 1, 'tone': 3, 'actionability': 2, 'safety': 5, 'overall': 2.2, 'rationale': ""The agent's reply is a generic template that does not address the customer's specific complaint about Sprint's customer service quality. It lacks empathy, fails to acknowledge the issue, and provides no actionable resolution beyond a generic FAQ link. While the tone is polite and professional, and there are no safety concerns, the response is unhelpful and not grounded in the customer's actual concern.""}",general_inquiry,True,"{'groundedness': 4, 'helpfulness': 2, 'tone': 5, 'actionability': 5, 'safety': 5, 'overall': 3.5, 'rationale': ""The reply is polite and provides a clear next step (DM), but it fails to address the customer's specific complaint about non-English speaking support, making it only minimally helpful. It contains no invented facts and is safe, but the generic nature reduces its overall effectiveness.""}",We're sorry to hear about your experience. Please send us a DM so we can assist you further. - JK
@115913 @115714  WHAT HAVE I DONE!   I Left TMobile for Sprint's 1 Free Year.  My Pixel 2's Google Assistant walked out on me. #Regrets https://t.co/kYpgsRgNdV,general_inquiry,False,general_inquiry,False,general_inquiry,False,"{'groundedness': 2, 'helpfulness': 1, 'tone': 4, 'actionability': 2, 'safety': 5, 'overall': 2.5, 'rationale': ""The agent's reply is a generic FAQ redirect that does not address the customer's specific frustration about switching carriers and experiencing device issues. While the tone is polite and professional, the response lacks grounding in the customer's actual problem, offers minimal actionable guidance, and fails to provide helpful, personalized assistance. No safety concerns are present.""}",general_inquiry,True,"{'groundedness': 4, 'helpfulness': 3, 'tone': 5, 'actionability': 5, 'safety': 5, 'overall': 4.0, 'rationale': ""The agent acknowledges the Pixel 2 Google Assistant issue and offers a clear next step (DM for account help), which is consistent with standard support practices and avoids invented facts. However, the reply does not address the customer's expressed regret about switching from T-Mobile to Sprint, missing an opportunity to empathize with the broader context. Tone is polite and professional, actionability is clear, and safety is maintained with no inappropriate promises or PII exposure.""}",We're sorry to hear about your experience and the issues with your Pixel 2's Google Assistant. We'd like to help resolve this for you. Please send us a direct message so we can look into your account and assist further.
Listen !!! @115714 @sprintcare  I swear to God! I've called y'all 3 times now!!! None of  your workers have helped me with my oh so simple issueeeee!!!!!! Help me!!!!,general_inquiry,False,general_inquiry,False,general_inquiry,False,"{'groundedness': 1, 'helpfulness': 1, 'tone': 2, 'actionability': 1, 'safety': 5, 'overall': 1.5, 'rationale': ""The agent's reply is a generic FAQ referral that completely fails to acknowledge the customer's extreme frustration and history of three unresolved calls. It shows no evidence of using retrieved context (groundedness=1), does not address the real issue (helpfulness=1), uses an inappropriately cheerful tone for an angry customer (tone=2), provides no meaningful next step for a complex escalation (actionability=1), but contains no safety violations (safety=5). Overall score reflects a near-total failure to meet the customer's needs.""}",general_inquiry,True,"{'groundedness': 3, 'helpfulness': 3, 'tone': 4, 'actionability': 4, 'safety': 5, 'overall': 3.8, 'rationale': ""The agent's reply is polite and professional, acknowledging the customer's frustration and offering a clear next step (DM for further assistance). However, the response is generic and does not reference any specific details from the customer's prior interactions, which limits groundedness and helpfulness given the customer's history of three unresolved calls. The request to move to DM is a standard escalation path but may not fully address the customer's desire for immediate resolution. No safety concerns or PII leakage are present.""}","Hey, I'm sorry to hear about your experience. We're here to help and want to make this right. Please send us a DM so we can look into this for you. -Resolution Supervisor"
"@499873 @115714 They have been super helpful all day. It’s more of “someone else help my parents, please”",general_inquiry,False,general_inquiry,False,general_inquiry,False,"{'groundedness': 1, 'helpfulness': 1, 'tone': 3, 'actionability': 1, 'safety': 5, 'overall': 2.0, 'rationale': ""The agent's reply is a generic FAQ redirect that does not acknowledge the customer's specific request for assistance for their parents. It fails to address the core issue, lacks personalization, and provides an irrelevant next step. However, the tone is polite and there are no safety concerns.""}",general_inquiry,False,"{'groundedness': 2, 'helpfulness': 2, 'tone': 5, 'actionability': 5, 'safety': 5, 'overall': 3.8, 'rationale': ""The agent's reply is polite and provides a clear next step (DM), but fails to acknowledge the customer's specific context (mention of previous helpful agents and request to help parents). It lacks groundedness in the conversation history and does not directly address the customer's implied need for assistance for their parents.""}",Hey! How can we help today? Please DM us for further assistance. -RID
@sprintcare Yes,general_inquiry,False,general_inquiry,False,general_inquiry,False,"{'groundedness': 1, 'helpfulness': 1, 'tone': 3, 'actionability': 2, 'safety': 5, 'overall': 2, 'rationale': ""The customer simply acknowledged a prior message with 'Yes', but the agent responded as if a question had been asked, directing them to a generic FAQ. This shows a lack of grounding in the actual conversation, fails to address the customer's intent, and provides an irrelevant next step. The tone is polite but mismatched, and while there are no safety concerns, the reply is largely unhelpful.""}",general_inquiry,True,"{'groundedness': 5, 'helpfulness': 4, 'tone': 5, 'actionability': 5, 'safety': 5, 'overall': 4.8, 'rationale': ""The agent correctly moves the conversation to a private DM for account-specific investigation, which aligns with standard support procedures. The tone is polite and professional, and the next step is clear. However, the reply could be more helpful by acknowledging the customer's 'Yes' confirmation and briefly indicating what will be looked into, providing more context before asking for a DM.""}",Please send us a DM so we can look into this.
@115714 make me an offer to come back from att only owe $160 on my lease and might pay it off to come back. Need 2 phones unlimited everything.,general_inquiry,False,general_inquiry,False,billing_issue,False,"{'groundedness': 2, 'helpfulness': 2, 'tone': 4, 'actionability': 3, 'safety': 5, 'overall': 3.2, 'rationale': ""The agent's reply is a generic response that does not address the customer's specific request for a win-back offer, lease payoff options, or plan details for two phones with unlimited everything. It incorrectly categorizes the inquiry as a 'billing issue' and simply asks for the account number via DM. While the tone is polite and professional, and the request for account information via DM is safe and standard, the response lacks groundedness in the customer's actual needs and provides little helpfulness or tailored actionability.""}",general_inquiry,False,"{'groundedness': 3, 'helpfulness': 3, 'tone': 5, 'actionability': 4, 'safety': 5, 'overall': 4, 'rationale': ""The agent's reply is polite and professional, and it provides a clear next step (send a DM). However, it lacks specificity regarding the customer's lease balance and potential offers, making it only moderately helpful and grounded. No safety concerns are present.""}",Hi there! We'd love to help you explore options for switching over and getting set up with two lines on an unlimited plan. Please send us a DM so we can look into what offers are available for you and assist with the lease situation. -Team
"@sprintcare Yeah, I know how Twitter works....thanks",general_inquiry,False,general_inquiry,False,general_inquiry,False,"{'groundedness': 1, 'helpfulness': 1, 'tone': 3, 'actionability': 2, 'safety': 5, 'overall': 2.0, 'rationale': ""The customer's message was sarcastic and did not pose a question, yet the agent responded with a generic FAQ link, showing a lack of grounding in the actual interaction. The reply fails to address the customer's apparent frustration, making it unhelpful. While the tone is polite, it is tone-deaf to the context. The FAQ link provides a clear action but is irrelevant to the customer's comment. No safety issues are present.""}",general_inquiry,True,"{'groundedness': 5, 'helpfulness': 5, 'tone': 5, 'actionability': 5, 'safety': 5, 'overall': 5, 'rationale': ""The agent acknowledges the customer's sarcastic remark professionally, explains the rationale for requesting a DM (to protect sensitive information), and reassures the customer that public assistance is still available. The reply is consistent with standard support practices, addresses the customer's underlying concern, maintains a polite brand voice, provides a clear path forward (continue here or DM), and avoids any inappropriate promises or PII exposure.""}","I gotcha, the reason I ask for DM is to discuss information that may be sensitive to you. However I still can answer questions here. -TT"
"@578533 @578534 @115714 Yeah, never can get a legitimate signal there. The Sprint Center is another place where there signal is a joke. Almost ironic.",general_inquiry,False,general_inquiry,False,general_inquiry,False,"{'groundedness': 1, 'helpfulness': 1, 'tone': 2, 'actionability': 1, 'safety': 5, 'overall': 2.0, 'rationale': ""The agent's reply is a generic FAQ redirect that does not address the customer's specific complaint about poor signal at Sprint Center. Groundedness is low because no relevant precedent or network information is used. Helpfulness is minimal as the agent fails to acknowledge the issue, offer troubleshooting, or escalate. Tone is polite but inappropriate for a complaint (thanking for a 'question' when none was asked). Actionability is poor; visiting an FAQ is not a clear next step for a network coverage issue. Safety is high as no promises or PII are involved. Overall score reflects the reply's inadequacy for the customer's real need.""}",service_outage,False,"{'groundedness': 5, 'helpfulness': 4, 'tone': 5, 'actionability': 5, 'safety': 5, 'overall': 4.8, 'rationale': ""The agent's reply is well-grounded in standard support practices, acknowledging the issue and offering to investigate. It is helpful by providing a clear path to resolution (DM with contact info), though some customers might prefer immediate public troubleshooting. The tone is polite and professional. Actionability is high with a specific next step. Safety is maintained by requesting contact info via DM rather than publicly. Overall, a strong response with minor room for proactive public information sharing.""}",We're sorry to hear about the signal issues you're experiencing at the Sprint Center. We'd like to help investigate this further. Please send us a DM with your contact information so we can look into this for you. - Support Team
"@115714 @sprintcare Worst advice ever. They only made me more upset. Im only 47 years old. God willing Ill live another 20. I spend $3000+ a year with .@115714. Willing to lose $60,000 worth of my lifetime business over a $173 fee...great business model!!!!",general_inquiry,False,general_inquiry,False,general_inquiry,False,"{'groundedness': 1, 'helpfulness': 1, 'tone': 2, 'actionability': 2, 'safety': 5, 'overall': 1.5, 'rationale': ""The agent's reply is a generic, canned response that fails to acknowledge the customer's specific complaint about a $173 fee and their threat to take $60k in lifetime business elsewhere. It does not reference any relevant precedent or account details (groundedness=1), offers no meaningful resolution or empathy (helpfulness=1), uses a polite but tone-deaf opening that ignores the customer's anger (tone=2), provides only a vague FAQ link as a next step (actionability=2), but does not make inappropriate promises or leak PII (safety=5). Overall, the response is severely inadequate for the situation.""}",billing_issue,True,"{'groundedness': 4, 'helpfulness': 3, 'tone': 5, 'actionability': 5, 'safety': 5, 'overall': 4.4, 'rationale': ""The agent's reply is polite, professional, and provides a clear next step (DM with contact info). It acknowledges the customer's frustration without making promises or leaking PII. However, the response is generic and does not address the specific $173 fee or the customer's high lifetime value, which limits helpfulness. Groundedness is solid as the reply aligns with standard support protocols.""}",We're sorry to hear about your experience and frustration with the fee. This is not what we like to see. Please send us a DM with your contact information so we can look into this further and assist you. - SprintCare
@115714 wants to help me help my iPhone send text during phone calls https://t.co/p4Ff5ujxUh,general_inquiry,False,general_inquiry,False,general_inquiry,False,"{'groundedness': 2, 'helpfulness': 2, 'tone': 5, 'actionability': 2, 'safety': 5, 'overall': 3.2, 'rationale': ""The agent's reply is polite and safe but lacks grounding in any specific knowledge (reference notes indicate a 429 error, suggesting no precedent was retrieved). It deflects to a generic FAQ with a placeholder link, which does not directly address the customer's issue about iPhone texting during calls and provides no actionable step. The tone is professional, but helpfulness and actionability are low.""}",general_inquiry,False,"{'groundedness': 3, 'helpfulness': 3, 'tone': 5, 'actionability': 4, 'safety': 5, 'overall': 4.0, 'rationale': ""The agent's reply is polite and professional, providing a clear next step (DM) and making no unsafe promises. However, it does not address the specific technical issue (iPhone sending texts during calls) and relies on a generic response without referencing any retrieved precedent or troubleshooting steps. Thus, groundedness and helpfulness are moderate.""}","We can assist you if you let us, we would need for you to DM us in order to do so. We want all our Sprint customers to be satisfied. -BG"
@115714 @sprintcare I'm tired of NO SERVICE! Calling + doesn't work. I've called 4x's with this issue! @125607 #Galaxy8 no wifi calls,general_inquiry,False,general_inquiry,False,general_inquiry,False,"{'groundedness': 2, 'helpfulness': 1, 'tone': 2, 'actionability': 2, 'safety': 5, 'overall': 2.4, 'rationale': ""The agent's reply is a generic FAQ referral that does not address the customer's specific complaint about repeated service failures and inability to make Wi-Fi calls on a Galaxy S8. While the tone is polite, it lacks empathy for the customer's frustration and offers no concrete troubleshooting or escalation path. The response is safe with no PII leakage or false promises, but it fails to be helpful or actionable for the reported issue.""}",service_outage,False,"{'groundedness': 3, 'helpfulness': 3, 'tone': 4, 'actionability': 4, 'safety': 5, 'overall': 3.8, 'rationale': ""The agent's reply is polite and provides a clear next step (DM), but lacks specific troubleshooting or acknowledgment of the customer's repeated attempts. It is safe and professional, but could be more helpful by offering immediate assistance or acknowledging the frustration.""}",We'd like to look into this for you. Please send us a DM so we can assist further. - CW
My co-worker just had a problem with them today too! https://t.co/IkQKnFyPxx,general_inquiry,False,general_inquiry,False,general_inquiry,False,"{'groundedness': 2, 'helpfulness': 1, 'tone': 5, 'actionability': 3, 'safety': 5, 'overall': 2.5, 'rationale': ""The agent's reply is polite and safe, but it fails to address the customer's specific report of a problem (a co-worker experiencing an issue). Instead, it provides a generic FAQ link without acknowledging the issue or offering tailored assistance. This makes the response unhelpful and not grounded in the customer's context. The actionability is limited to a generic self-service step. The tone is professional, and there are no safety concerns.""}",service_outage,True,"{'groundedness': 3, 'helpfulness': 3, 'tone': 4, 'actionability': 4, 'safety': 5, 'overall': 3.8, 'rationale': ""The agent's reply is polite and provides a clear next step (DM for details). However, it does not reference the specific link or acknowledge the co-worker's issue, which could improve helpfulness. The response is safe and professional. Groundedness is moderate as it follows standard protocol but lacks specific precedent.""}",Oh no! We're sorry to hear that you and your co-worker are experiencing issues. Please send us a DM with more details so we can look into this for you. -PB
@115714,general_inquiry,False,general_inquiry,False,general_inquiry,False,"{'groundedness': 2, 'helpfulness': 1, 'tone': 5, 'actionability': 3, 'safety': 5, 'overall': 2.5, 'rationale': ""The agent's reply is a generic FAQ referral that does not acknowledge the customer's reference number (@115714) or address any specific issue. The reference notes indicate a system error (429 Too Many Requests), suggesting the agent may have been unable to retrieve relevant information. While the tone is polite and professional, and the response is safe with no inappropriate promises, it lacks groundedness in the customer's context and provides minimal helpfulness. The actionability is limited to a generic FAQ link, which may not resolve the customer's specific concern.""}",general_inquiry,True,"{'groundedness': 2, 'helpfulness': 2, 'tone': 5, 'actionability': 4, 'safety': 5, 'overall': 3.6, 'rationale': ""The agent's reply is polite and provides a clear next step (DM with details), but it fails to acknowledge the customer's reference number (@115714) or the known error (429 Too Many Requests) from the reference notes. This makes the response generic and not grounded in the specific context, reducing helpfulness. No safety concerns or tone issues.""}",Hey! How can we help you today? Please send us a DM with details and we'll be happy to assist. - Support Team
"@117735 @TMobileHelp @VerizonSupport @sprintcare  Does anyone want a new customer because T-mobile is of no help, had to take a day off of work for $50 phone bill. Can anyone sane help me????????????????",general_inquiry,False,general_inquiry,False,billing_issue,False,"{'groundedness': 3, 'helpfulness': 3, 'tone': 3, 'actionability': 4, 'safety': 4, 'overall': 3.4, 'rationale': ""The agent's reply is generic and not grounded in any specific retrieved precedent (the reference notes show a 429 error). It offers help but lacks empathy for the customer's frustration, though it maintains a professional tone. The request to DM an account number provides a clear next step, but could raise minor PII concerns if not handled securely. Overall, the response is functional but could be more personalized and reassuring.""}",general_inquiry,False,"{'groundedness': 5, 'helpfulness': 4, 'tone': 5, 'actionability': 5, 'safety': 5, 'overall': 4.8, 'rationale': ""The agent's reply is a standard, professional apology and an invitation to DM for account-specific assistance. It is grounded in typical support protocols, maintains a polite tone, and provides a clear actionable next step (DM). It does not make any promises or leak PII. However, helpfulness is slightly reduced because the response does not acknowledge the specific frustration (taking a day off work for a $50 bill) or offer any immediate reassurance beyond the generic offer to help.""}",We're sorry to hear about your experience and the inconvenience this has caused. We'd like to help resolve this for you. Please DM us so we can look into your account and assist further. -LR https://t.co/rMApsV8PQY
Is there a known issue with not being able to receive text on the #note8 @115714 ? @sprintcare,general_inquiry,False,general_inquiry,False,general_inquiry,False,"{'groundedness': 2, 'helpfulness': 1, 'tone': 5, 'actionability': 2, 'safety': 5, 'overall': 2.5, 'rationale': ""The agent's reply is a generic FAQ redirect that does not address the customer's specific question about a known issue with the Note 8. The reference notes indicate a 429 error, suggesting the agent could not retrieve relevant precedent, so the response lacks groundedness. While the tone is polite and safe, the reply is unhelpful and only marginally actionable because the FAQ link may not contain the needed information.""}",service_outage,False,"{'groundedness': 3, 'helpfulness': 3, 'tone': 5, 'actionability': 5, 'safety': 5, 'overall': 4.0, 'rationale': ""The agent's reply is polite, professional, and provides a clear next step (DM for details), which is appropriate for initial triage. However, it does not address the customer's specific question about a known issue with Note 8 text reception, nor does it reference any known outages or precedents. The response is safe and actionable but only moderately helpful and grounded.""}",Hey! This is concerning to us. Please send us a DM with more details of your issue so we can assist you further. -Agent
"I feel like #Sprint hates me. 

Maybe I deserve consistent slow LTE. Thanks Sprint, you only give me a low amount of first world problems. 

I miss #TMobile &lt;/3 they sucked too, but not as bad as Sprint.",general_inquiry,False,general_inquiry,False,general_inquiry,False,"{'groundedness': 1, 'helpfulness': 1, 'tone': 2, 'actionability': 1, 'safety': 5, 'overall': 2, 'rationale': ""The agent's reply is a generic FAQ redirect that does not acknowledge the customer's frustration or address their specific complaint about Sprint service. The customer was venting, not asking a question, so the response feels dismissive and unhelpful. While the tone is polite, it lacks empathy and fails to provide any actionable support. No safety concerns are present.""}",service_outage,False,"{'groundedness': 5, 'helpfulness': 3, 'tone': 5, 'actionability': 5, 'safety': 5, 'overall': 4.2, 'rationale': ""The agent's reply is professional, polite, and provides a clear next step (DM for further investigation). It acknowledges the customer's frustration without making promises or leaking PII. However, the response is somewhat generic and does not specifically address the customer's comparison to T-Mobile or offer immediate troubleshooting, which limits its helpfulness. Overall, it meets basic customer service standards but could be more personalized.""}",We're sorry to hear about your experience with our LTE service. This is not the level of service we strive to provide. Please send us a DM so we can look into this further for you. -JA
"@sprintcare @304348 ""Yeah come into the store so we can waste your time in person.""",general_inquiry,False,general_inquiry,False,general_inquiry,False,"{'groundedness': 1, 'helpfulness': 1, 'tone': 2, 'actionability': 2, 'safety': 5, 'overall': 2.0, 'rationale': ""The agent's reply is a generic FAQ referral that does not acknowledge the customer's sarcastic frustration about being asked to visit a store. No precedent or specific information was used (groundedness low). The response fails to address the underlying complaint (helpfulness low). While polite, the tone is tone-deaf to the customer's sentiment. The only actionable step is a generic FAQ link, which is unlikely to resolve the specific issue. Safety is fine as no promises or PII are involved.""}",general_inquiry,True,"{'groundedness': 5, 'helpfulness': 3, 'tone': 5, 'actionability': 5, 'safety': 5, 'overall': 4.6, 'rationale': ""The agent's reply is polite, professional, and provides a clear next step (DM with contact info). However, it does not specifically address the customer's complaint about wasting time in-store, which limits helpfulness. The response is grounded in standard support practices, maintains a safe approach, and is actionable.""}",We're sorry to hear about your frustration. We'd like to help resolve this for you. Please send us a DM with your contact information so we can look into this further. - Team @304348
@116447 When are we going to hear announcement?,general_inquiry,False,general_inquiry,False,general_inquiry,False,"{'groundedness': 2, 'helpfulness': 2, 'tone': 4, 'actionability': 4, 'safety': 5, 'overall': 3.2, 'rationale': ""The agent's reply is polite and provides a clear action (visit FAQ), but it does not address the customer's specific question about the announcement timing. No facts are invented, but the response lacks grounding in any specific information. It is safe and professional, yet only marginally helpful.""}",general_inquiry,False,"{'groundedness': 3, 'helpfulness': 2, 'tone': 5, 'actionability': 5, 'safety': 5, 'overall': 3.5, 'rationale': ""The agent's reply is polite and provides a clear next step (DM for updates), but it does not address the customer's specific question about an announcement timeline. The response is generic and does not leverage any retrieved information (the reference notes indicate a 429 error, which is not mentioned). While safe and actionable, the lack of substantive answer reduces helpfulness and groundedness.""}",We'd be happy to look into this for you! Please send us a DM so we can provide you with the latest updates. - Team
@115714 has the WORST customer service ever !!,general_inquiry,False,general_inquiry,False,general_inquiry,False,"{'groundedness': 2, 'helpfulness': 1, 'tone': 1, 'actionability': 2, 'safety': 5, 'overall': 2.2, 'rationale': ""The agent's reply is a generic, canned response that does not acknowledge the customer's specific complaint about poor customer service. It thanks the customer for a 'question' when the customer expressed frustration, showing a lack of empathy and relevance. The FAQ link may be a valid resource but is not tailored to the issue. No safety concerns, but the response fails on helpfulness, tone, and groundedness in the actual conversation context.""}",general_inquiry,True,"{'groundedness': 4, 'helpfulness': 4, 'tone': 5, 'actionability': 5, 'safety': 5, 'overall': 4.6, 'rationale': ""The agent's reply is a standard, empathetic apology that acknowledges the customer's frustration without making specific promises. It provides a clear next step (DM with details) and maintains a professional tone. No invented facts or PII are present. The response is helpful but generic; it could be more proactive by acknowledging specific issues if known. Overall, it meets expectations for a first-response template.""}",We're really sorry to hear about your experience — that's not the standard we aim for. Please send us a DM with the details so we can look into this and make it right. -Team https://t.co/rMApsV8PQY
@115911 Bitch they have Netflix on them sorry @115714 I’m going to them. HELL YEAH,general_inquiry,False,general_inquiry,False,general_inquiry,False,"{'groundedness': 1, 'helpfulness': 1, 'tone': 4, 'actionability': 3, 'safety': 5, 'overall': 2.0, 'rationale': ""The agent's reply is a generic FAQ redirect that does not address the customer's aggressive, profanity-laden message (which appears to be a complaint about Netflix availability). Due to a 429 error, no relevant precedent was retrieved, so the response lacks groundedness. It is unhelpful for the specific issue, though the tone remains polite and professional. The actionability is limited to a generic FAQ link. Safety is high as no inappropriate promises or PII are disclosed.""}",general_inquiry,True,"{'groundedness': 5, 'helpfulness': 5, 'tone': 5, 'actionability': 5, 'safety': 5, 'overall': 5, 'rationale': ""The agent's reply is professional, empathetic, and de-escalates the hostile customer message. It acknowledges the customer's frustration, offers assistance, and provides a clear next step (DM with details) without making promises or leaking PII. All dimensions are fully satisfied.""}","Hey there, we're sorry to hear you're feeling this way. We'd love the chance to understand what's going on and see how we can help. Could you send us a DM with more details about your experience? We're here to assist. - Support Team"
